Table 5,,,,,,,,,,,,,
Crime in the United States,,,,,,,,,,,,,
"by State, 2010",,,,,,,,,,,,,
State,Area,,Population,"Violent
crime","Murder and
nonnegligent
manslaughter","Forcible
rape",Robbery,"Aggravated
assault","Property
crime",Burglary,"Larceny-
theft","Motor
vehicle
theft",
ALABAMA,Metropolitan Statistical Area,,"3,424,852",,,,,,,,,, 
,,Area actually reporting,89.8%,"13,207",215,949,"4,243","7,800","124,845","32,759","83,928","8,158",
,,Estimated total,100.0%,"14,072",224,"1,027","4,403","8,418","133,796","35,225","89,830","8,741",
,Cities outside metropolitan areas,,"622,679",,,,,,,,,,
,,Area actually reporting,84.5%,"2,300",23,163,256,"1,858","21,402","3,730","16,606","1,066",
,,Estimated total,100.0%,"2,704",26,193,299,"2,186","25,061","4,364","19,447","1,250",
,Nonmetropolitan counties,,"732,205",,,,,,,,,,
,,Area actually reporting,69.6%,891,16,90,41,744,"6,428","1,702","4,302",424,
,,Estimated total,100.0%,"1,280",23,129,59,"1,069","9,235","2,445","6,181",609,
,State Total,,"4,779,736","18,056",273,"1,349","4,761","11,673","168,092","42,034","115,458","10,600",
,,"Rate per 100,000 inhabitants",,377.8,5.7,28.2,99.6,244.2,"3,516.8",879.4,"2,415.6",221.8,
ALASKA,Metropolitan Statistical Area,,"351,488",,,,,,,,,,
,,Area actually reporting,100.0%,"2,846",13,343,499,"1,991","12,534","1,472","10,087",975,
,Cities outside metropolitan areas,,"123,081",,,,,,,,,,
,,Area actually reporting,96.5%,672,3,124,53,492,"4,211",557,"3,351",303,
,,Estimated total,100.0%,697,3,129,55,510,"4,364",577,"3,473",314,
,Nonmetropolitan counties,,"235,662",,,,,,,,,,
,,Area actually reporting,100.0%,994,15,61,40,878,"3,361","1,056","1,975",330,
,State Total,,"710,231","4,537",31,533,594,"3,379","20,259","3,105","15,535","1,619",
,,"Rate per 100,000 inhabitants",,638.8,4.4,75.0,83.6,475.8,"2,852.5",437.2,"2,187.3",228.0,
ARIZONA,Metropolitan Statistical Area,,"5,932,512",,,,,,,,,,
,,Area actually reporting,99.5%,"22,116",347,"1,511","6,784","13,474","210,393","46,069","144,476","19,848",
,,Estimated total,100.0%,"22,185",348,"1,517","6,799","13,521","211,304","46,260","145,139","19,905",
,Cities outside metropolitan areas, ,"197,445",, ,,,,,,,,
,,Area actually reporting,89.9%,"2,891",47,561,98,"2,185","10,314","2,854","6,331","1,129",
,,Estimated total,100.0%,"3,217",52,624,109,"2,432","11,479","3,176","7,046","1,257",
,Nonmetropolitan counties, ,"262,060",,,,,,,,,,
,,Area actually reporting,98.0%,669,9,24,28,608,"3,047","1,308","1,400",339,
,,Estimated total,100.0%,683,9,24,29,621,"3,110","1,335","1,429",346,
,State Total,,"6,392,017","26,085",409,"2,165","6,937","16,574","225,893","50,771","153,614","21,508",
,,"Rate per 100,000 inhabitants",,408.1,6.4,33.9,108.5,259.3,"3,534.0",794.3,"2,403.2",336.5,
ARKANSAS,Metropolitan Statistical Area,,"1,771,078",,,,,,,,,,
,,Area actually reporting,95.5%,"10,571",83,898,"1,971","7,619","69,693","20,533","45,220","3,940",
,,Estimated total,100.0%,"10,883",84,928,"1,991","7,880","71,561","21,289","46,214","4,058",
,Cities outside metropolitan areas,,"502,369",, ,,,,,,,,
,,Area actually reporting ,93.5%,"2,315",25,213,307,"1,770","20,207","6,787","12,692",728,
,,Estimated total,100.0%,"2,476",27,228,328,"1,893","21,606","7,257","13,571",778,
,Nonmetropolitan counties,,"642,471",,,,,,,,,,
,,Area actually reporting,86.6%,"1,191",23,135,46,987,"9,187","3,434","5,140",613,
,,Estimated total,100.0%,"1,376",27,156,53,"1,140","10,608","3,965","5,935",708,
,State Total,,"2,915,918","14,735",138,"1,312","2,372","10,913","103,775","32,511","65,720","5,544",
,,"Rate per 100,000 inhabitants",,505.3,4.7,45.0,81.3,374.3,"3,558.9","1,114.9","2,253.8",190.1,
CALIFORNIA,Metropolitan Statistical Area,,"36,417,786",,,,,,,,,,
,,Area actually reporting,100.0%,"160,871","1,784","8,001","57,748","93,338","963,339","222,573","589,966","150,800",
,Cities outside metropolitan areas,,"266,745",,,,,,,,,,
,,Area actually reporting,100.0%,"1,475",3,135,220,"1,117","9,716","2,946","6,121",649,
,Nonmetropolitan counties,,"569,425",,,,,,,,,,
,,Area actually reporting,100.0%,"1,787",22,195,148,"1,422","8,884","3,338","4,471","1,075",
,State Total,,"37,253,956","164,133","1,809","8,331","58,116","95,877","981,939","228,857","600,558","152,524",
,,"Rate per 100,000 inhabitants",,440.6,4.9,22.4,156.0,257.4,"2,635.8",614.3,"1,612.1",409.4,
COLORADO,Metropolitan Statistical Area,,"4,346,239",,,,, ,,,,,
,,Area actually reporting,99.2%,"14,735",105,"1,986","3,043","9,601","121,162","23,765","86,725","10,672",
,,Estimated total,100.0%,"14,817",105,"2,000","3,052","9,660","121,865","23,899","87,238","10,728",
,Cities outside metropolitan areas,,"316,138",,,,,,,,,,
,,Area actually reporting,91.9%,827,5,145,68,609,"9,477","1,459","7,706",312,
,,Estimated total,100.0%,900,5,158,74,663,"10,316","1,588","8,388",340,
,Nonmetropolitan counties,,"366,819",,,,,,,,,,
,,Area actually reporting,79.4%,331,8,32,5,286,"2,233",529,"1,562",142,
,,Estimated total,100.0%,416,10,40,6,360,"2,811",666,"1,966",179,
,State Total,,"5,029,196","16,133",120,"2,198","3,132","10,683","134,992","26,153","97,592","11,247",
,,"Rate per 100,000 inhabitants",,320.8,2.4,43.7,62.3,212.4,"2,684.2",520.0,"1,940.5",223.6,
CONNECTICUT,Metropolitan Statistical Area,,"2,867,895",,,,,,,,,,
,,Area actually reporting,100.0%,"9,527",125,499,"3,455","5,448","70,438","13,047","51,135","6,256",
,Cities outside metropolitan areas,,"160,274",,,,,,,,,,
,,Area actually reporting,100.0%,227,0,44,43,140,"3,024",542,"2,349",133,
,Nonmetropolitan counties,,"545,928",,,,,,,,,,
,,Area actually reporting,100.0%,303,5,40,55,203,"4,924","1,583","3,023",318,
,State Total,,"3,574,097","10,057",130,583,"3,553","5,791","78,386","15,172","56,507","6,707",
,,"Rate per 100,000 inhabitants",,281.4,3.6,16.3,99.4,162.0,"2,193.2",424.5,"1,581.0",187.7,
DELAWARE,Metropolitan Statistical Area,,"700,791",,,,,,,,,,
,,Area actually reporting,100.0%,"4,560",44,208,"1,628","2,680","24,072","5,365","17,022","1,685",
,Cities outside metropolitan areas,,"44,036",,,,,,,,,,
,,Area actually reporting,100.0%,386,1,28,102,255,"2,536",565,"1,918",53,
,Nonmetropolitan counties,,"153,107",,, ,,,,,,,
,,Area actually reporting,100.0%,629,3,76,99,451,"4,355","1,585","2,579",191,
,State Total,,"897,934","5,575",48,312,"1,829","3,386","30,963","7,515","21,519","1,929",
,,"Rate per 100,000 inhabitants",,620.9,5.3,34.7,203.7,377.1,"3,448.2",836.9,"2,396.5",214.8,
DISTRICT OF COLUMBIA1,Metropolitan Statistical Area,,"601,723",,,,,,,,,,
,,Area actually reporting,100.0%,"8,004",132,187,"4,325","3,360","28,756","4,231","19,489","5,036",
,Cities outside metropolitan areas,,None,,,,,,,,,,
,Nonmetropolitan counties,,None,,,,,,,,,,
,Total,,"601,723","8,004",132,187,"4,325","3,360","28,756","4,231","19,489","5,036",
,,"Rate per 100,000 inhabitants",,"1,330.2",21.9,31.1,718.8,558.4,"4,778.9",703.1,"3,238.9",836.9,
FLORIDA,Metropolitan Statistical Area,,"17,701,972", ,,,,, ,,,,
,,Area actually reporting,99.9%,"96,825",931,"5,000","25,426","65,468","638,732","158,911","439,639","40,182",
,,Estimated total,100.0%,"96,858",931,"5,002","25,436","65,489","638,989","158,970","439,821","40,198",
,Cities outside metropolitan areas,,"192,844",,,,,,,,,,
,,Area actually reporting,98.2%,"1,528",10,109,300,"1,109","8,661","2,295","5,997",369,
,,Estimated total,100.0%,"1,555",10,111,305,"1,129","8,819","2,337","6,106",376,
,Nonmetropolitan counties,,"906,494",,,,,,,,,,
,,Area actually reporting,100.0%,"3,556",46,260,345,"2,905","21,227","7,812","12,527",888,
,State Total,,"18,801,310","101,969",987,"5,373","26,086","69,523","669,035","169,119","458,454","41,462",
,,"Rate per 100,000 inhabitants",,542.4,5.2,28.6,138.7,369.8,"3,558.4",899.5,"2,438.4",220.5,
GEORGIA,Metropolitan Statistical Area,,"7,922,112",,,,,,,,,,
,,Area actually reporting,98.9%,"32,080",503,"1,727","11,189","18,661","291,234","79,704","184,177","27,353",
,,Estimated total,100.0%,"32,383",507,"1,744","11,287","18,845","294,205","80,456","186,146","27,603",
,Cities outside metropolitan areas,,"659,535",,,,,,,,,,
,,Area actually reporting,87.2%,"3,575",21,170,754,"2,630","29,276","7,062","21,159","1,055",
,,Estimated total,100.0%,"4,098",24,195,864,"3,015","33,555","8,095","24,251","1,209",
,Nonmetropolitan counties,,"1,106,006",,,,,,,,,,
,,Area actually reporting,91.8%,"2,379",25,141,204,"2,009","22,877","7,502","14,004","1,371",
,,Estimated total,100.0%,"2,591",27,154,222,"2,188","24,919","8,172","15,254","1,493",
,State Total,,"9,687,653","39,072",558,"2,093","12,373","24,048","352,679","96,723","225,651","30,305",
,,"Rate per 100,000 inhabitants",,403.3,5.8,21.6,127.7,248.2,"3,640.5",998.4,"2,329.3",312.8,
HAWAII,Metropolitan Statistical Area,,"950,268",,,,,,,,,,
,,Area actually reporting,100.0%,"2,548",19,218,891,"1,420","31,668","5,760","22,007","3,901",
,Cities outside metropolitan areas,,None,,,,,,,,,,
,Nonmetropolitan counties,,"410,033",,,,,,,,,,
,,Area actually reporting,100.0%,"1,026",5,147,163,711,"13,415","2,903","9,313","1,199",
,State Total, ,"1,360,301","3,574",24,365,"1,054","2,131","45,083","8,663","31,320","5,100",
,,"Rate per 100,000 inhabitants",,262.7,1.8,26.8,77.5,156.7,"3,314.2",636.8,"2,302.4",374.9,
IDAHO,Metropolitan Statistical Area,,"1,032,982",,,,,, ,,,,
,,Area actually reporting,99.3%,"2,301",18,349,169,"1,765","22,823","4,517","17,413",893,
,,Estimated total,100.0%,"2,310",18,350,169,"1,773","22,917","4,543","17,477",897,
,Cities outside metropolitan areas,,"242,324",,,,,,,,,,
,,Area actually reporting,98.9%,753,1,95,38,619,"5,430","1,088","4,126",216,
,,Estimated total,100.0%,761,1,96,38,626,"5,488","1,100","4,170",218,
,Nonmetropolitan counties, ,"292,276",,,,,,, ,,,
,,Area actually reporting,98.9%,390,2,78,7,303,"2,849",849,"1,795",205,
,,Estimated total,100.0%,394,2,79,7,306,"2,881",859,"1,815",207,
,State Total,,"1,567,582","3,465",21,525,214,"2,705","31,286","6,502","23,462","1,322",
,,"Rate per 100,000 inhabitants",,221.0,1.3,33.5,13.7,172.6,"1,995.8",414.8,"1,496.7",84.3,
ILLINOIS2,Metropolitan Statistical Area,,"11,201,035",,,,,,,,,,
,,Area actually reporting,87.1%,"48,565",646,"2,059","19,114","26,746","282,971","61,212","195,250","26,509",
,,Estimated total,100.0%,"51,529",676,"2,444","19,773","28,636","311,473","66,965","216,650","27,858",
,Cities outside metropolitan areas,,"878,599",,,,,,,,,,
,,Area actually reporting,66.6%,"2,152",15,312,170,"1,655","16,265","3,803","12,053",409,
,,Estimated total,100.0%,"3,230",23,468,255,"2,484","24,409","5,707","18,088",614,
,Nonmetropolitan counties,,"750,998",,,,,,,,,,
,,Area actually reporting,77.7%,836,5,94,20,717,"6,302","2,120","3,930",252,
,,Estimated total,100.0%,"1,076",7,121,26,922,"8,107","2,727","5,056",324,
,State Total,,"12,830,632","55,835",706,"3,033","20,054","32,042","343,989","75,399","239,794","28,796",
,,"Rate per 100,000 inhabitants",,435.2,5.5,23.6,156.3,249.7,"2,681.0",587.6,"1,868.9",224.4,
INDIANA,Metropolitan Statistical Area,,"5,091,659",,,,,,,,,,
,,Area actually reporting,89.5%,"17,931",266,"1,374","5,788","10,503","157,572","37,922","108,540","11,110",
,,Estimated total,100.0%,"18,612",275,"1,447","5,911","10,979","167,230","40,069","115,460","11,701",
,Cities outside metropolitan areas, ,"507,282",,,,,,,,,,
,,Area actually reporting,91.5%,930,8,157,223,542,"17,531","3,530","13,227",774,
,,Estimated total,100.0%,"1,017",9,172,244,592,"19,159","3,858","14,455",846,
,Nonmetropolitan counties,,"884,861",,,,,,,,,,
,,Area actually reporting,76.9%,584,6,109,49,420,"8,364","2,453","5,472",439,
,,Estimated total,100.0%,760,8,142,64,546,"10,871","3,188","7,112",571,
,State Total,,"6,483,802","20,389",292,"1,761","6,219","12,117","197,260","47,115","137,027","13,118",
,,"Rate per 100,000 inhabitants",,314.5,4.5,27.2,95.9,186.9,"3,042.4",726.7,"2,113.4",202.3,
IOWA,Metropolitan Statistical Area,,"1,738,525", ,,,,,,,,,
,,Area actually reporting,98.7%,"5,766",21,590,891,"4,264","47,077","10,678","33,663","2,736",
,,Estimated total,100.0%,"5,801",21,595,892,"4,293","47,405","10,758","33,894","2,753",
,Cities outside metropolitan areas,,"591,878",,,,,,,,,,
,,Area actually reporting,92.3%,"1,640",7,170,104,"1,359","14,707","3,604","10,471",632,
,,Estimated total,100.0%,"1,777",8,184,113,"1,472","15,934","3,905","11,344",685,
,Nonmetropolitan counties,,"715,952",,,,,,,,,,
,,Area actually reporting,88.7%,670,9,51,5,605,"4,416","1,769","2,347",300,
,,Estimated total,100.0%,755,10,57,6,682,"4,976","1,993","2,645",338,
,State Total,,"3,046,355","8,333",39,836,"1,011","6,447","68,315","16,656","47,883","3,776",
,,"Rate per 100,000 inhabitants",,273.5,1.3,27.4,33.2,211.6,"2,242.5",546.8,"1,571.8",124.0,
KANSAS,Metropolitan Statistical Area,,"1,962,752", ,,,,,,,,,
,,Area actually reporting,99.5%,"7,750",75,749,"1,334","5,592","64,217","13,616","45,682","4,919",
,,Estimated total,100.0%,"7,773",75,752,"1,337","5,609","64,436","13,654","45,850","4,932",
,Cities outside metropolitan areas,,"562,915",,,,,,,,,,
,,Area actually reporting,95.6%,"1,924",10,252,183,"1,479","18,954","3,867","14,361",726,
,,Estimated total,100.0%,"2,010",10,263,191,"1,546","19,818","4,043","15,016",759,
,Nonmetropolitan counties,,"327,451",,,,,,,,,,
,,Area actually reporting,94.9%,709,14,87,15,593,"4,518","1,620","2,596",302,
,,Estimated total,100.0%,748,15,92,16,625,"4,761","1,707","2,736",318,
,State Total,,"2,853,118","10,531",100,"1,107","1,544","7,780","89,015","19,404","63,602","6,009",
,,"Rate per 100,000 inhabitants",,369.1,3.5,38.8,54.1,272.7,"3,119.9",680.1,"2,229.2",210.6,
KENTUCKY,Metropolitan Statistical Area,,"2,512,952", ,,,,, ,,,,
,,Area actually reporting,99.1%,"7,866",93,701,"3,089","3,983","77,341","19,078","53,942","4,321",
,,Estimated total,100.0%,"7,926",93,709,"3,114","4,010","78,133","19,250","54,525","4,358",
,Cities outside metropolitan areas,,"527,128",,,,,,,,,,
,,Area actually reporting,96.4%,"1,057",17,183,406,451,"16,178","3,765","11,836",577,
,,Estimated total,100.0%,"1,097",18,190,421,468,"16,788","3,907","12,282",599,
,Nonmetropolitan counties,,"1,299,287",,,,,,,,,,
,,Area actually reporting,91.9%,"1,384",70,443,196,675,"14,515","6,577","6,787","1,151",
,,Estimated total,100.0%,"1,505",76,482,213,734,"15,788","7,154","7,382","1,252",
,State Total,,"4,339,367","10,528",187,"1,381","3,748","5,212","110,709","30,311","74,189","6,209",
,,"Rate per 100,000 inhabitants",,242.6,4.3,31.8,86.4,120.1,"2,551.3",698.5,"1,709.7",143.1,
LOUISIANA,Metropolitan Statistical Area,,"3,392,596", ,,,,, ,,,,
,,Area actually reporting,97.9%,"17,520",460,882,"4,318","11,860","123,646","32,645","82,758","8,243",
,,Estimated total,100.0%,"17,866",463,901,"4,367","12,135","126,541","33,258","84,924","8,359",
,Cities outside metropolitan areas,,"394,908",,,,,,,,,,
,,Area actually reporting,83.1%,"3,127",21,126,455,"2,525","17,319","5,364","11,397",558,
,,Estimated total,100.0%,"3,762",25,152,547,"3,038","20,837","6,454","13,712",671,
,Nonmetropolitan counties,,"745,868",,,,,,,,,,
,,Area actually reporting,95.8%,"3,119",21,172,284,"2,642","17,218","5,481","10,911",826,
,,Estimated total,100.0%,"3,258",22,180,297,"2,759","17,979","5,723","11,393",863,
,State Total,,"4,533,372","24,886",510,"1,233","5,211","17,932","165,357","45,435","110,029","9,893",
,,"Rate per 100,000 inhabitants",,549.0,11.2,27.2,114.9,395.6,"3,647.5","1,002.2","2,427.1",218.2,
MAINE,Metropolitan Statistical Area,,"779,766",,,,,,,,,,
,,Area actually reporting,100.0%,971,16,209,336,410,"20,151","4,066","15,473",612,
,Cities outside metropolitan areas,,"273,009",,,,,,,,,,
,,Area actually reporting,100.0%,421,2,118,53,248,"8,263","1,580","6,519",164,
,Nonmetropolitan counties,,"275,586",,,,,,,,,,
,,Area actually reporting,100.0%,229,6,62,25,136,"4,520","1,713","2,593",214,
,State Total,,"1,328,361","1,621",24,389,414,794,"32,934","7,359","24,585",990,
,,"Rate per 100,000 inhabitants",,122.0,1.8,29.3,31.2,59.8,"2,479.3",554.0,"1,850.8",74.5,
MARYLAND,Metropolitan Statistical Area,,"5,465,306",,,,,,,,,,
,,Area actually reporting,100.0%,"30,535",417,"1,179","10,857","18,082","164,703","34,509","112,457","17,737",
,Cities outside metropolitan areas,,"80,827",,,,,,,,,,
,,Area actually reporting,100.0%,498,3,24,121,350,"4,034",846,"3,092",96,
,Nonmetropolitan counties,,"227,419",,,,,,,,,,
,,Area actually reporting,100.0%,587,10,24,76,477,"4,314","1,187","2,909",218,
,State Total,,"5,773,552","31,620",430,"1,227","11,054","18,909","173,051","36,542","118,458","18,051",
,,"Rate per 100,000 inhabitants",,547.7,7.4,21.3,191.5,327.5,"2,997.3",632.9,"2,051.7",312.6,
MASSACHUSETTS,Metropolitan Statistical Area,,"6,520,338",,,,,,,,,,
,,Area actually reporting,99.1%,"30,236",208,"1,720","6,832","21,476","151,787","37,290","103,166","11,331",
,,Estimated total,100.0%,"30,439",208,"1,733","6,868","21,630","153,055","37,606","104,035","11,414",
,Cities outside metropolitan areas,,"27,205",,,,,,,,,,
,,Area actually reporting,100.0%,113,2,12,6,93,848,160,649,39,
,Nonmetropolitan counties,,86,,,,,,,,,,
,,Area actually reporting,100.0%,1,0,0,0,1,2,1,1,0,
,State Total,,"6,547,629","30,553",210,"1,745","6,874","21,724","153,905","37,767","104,685","11,453",
,,"Rate per 100,000 inhabitants",,466.6,3.2,26.7,105.0,331.8,"2,350.5",576.8,"1,598.8",174.9,
MICHIGAN,Metropolitan Statistical Area,,"8,066,088",,,,,,,,,,
,,Area actually reporting,98.5%,"44,042",533,"3,515","11,202","28,792","228,343","64,196","138,346","25,801",
,,Estimated total,100.0%,"44,410",535,"3,557","11,284","29,034","231,532","64,890","140,589","26,053",
,Cities outside metropolitan areas,,"620,812",,,,,,,,,,
,,Area actually reporting,82.7%,"1,405",9,340,126,930,"15,419","2,380","12,628",411,
,,Estimated total,100.0%,"1,659",11,402,148,"1,098","18,378","2,826","15,061",491,
,Nonmetropolitan counties,,"1,196,740",,,,,,,,,,
,,Area actually reporting,94.6%,"2,263",20,676,58,"1,509","17,310","5,822","10,722",766,
,,Estimated total,100.0%,"2,391",21,714,61,"1,595","18,291","6,152","11,330",809,
,State Total, ,"9,883,640","48,460",567,"4,673","11,493","31,727","268,201","73,868","166,980","27,353",
,,"Rate per 100,000 inhabitants",,490.3,5.7,47.3,116.3,321.0,"2,713.6",747.4,"1,689.5",276.8,
MINNESOTA3,Metropolitan Statistical Area,,"3,989,141",,,,,,,,,,
,,Area actually reporting,99.6%,,89,,"3,288","5,816","112,030","19,286","85,447","7,297",
,,Estimated total,100.0%,,89,,"3,294","5,830","112,526","19,352","85,856","7,318",
,Cities outside metropolitan areas,,"494,530",,,,,,,,,,
,,Area actually reporting,99.6%,,3,,70,842,"13,670","2,076","11,009",585,
,,Estimated total,100.0%,,3,,70,845,"13,724","2,084","11,053",587,
,Nonmetropolitan counties,,"820,254",,,,,,,,,,
,,Area actually reporting,98.2%,,4,,24,548,"9,997","2,925","6,402",670,
,,Estimated total,100.0%,,4,,24,558,"10,181","2,979","6,520",682,
,State Total,,"5,303,925","12,515",96,"1,798","3,388","7,233","136,431","24,415","103,429","8,587",
,,"Rate per 100,000 inhabitants",,236.0,1.8,33.9,63.9,136.4,"2,572.3",460.3,"1,950.0",161.9,
MISSISSIPPI,Metropolitan Statistical Area,,"1,326,220", ,,,,,,,,,
,,Area actually reporting,89.8%,"3,693",83,428,"1,665","1,517","43,229","13,289","26,685","3,255",
,,Estimated total,100.0%,"3,898",89,466,"1,706","1,637","46,144","14,194","28,488","3,462",
,Cities outside metropolitan areas,,"600,833",,,,,,,,,,
,,Area actually reporting,85.7%,"1,977",50,205,649,"1,073","23,184","8,073","14,229",882,
,,Estimated total,100.0%,"2,308",58,239,758,"1,253","27,065","9,424","16,611","1,030",
,Nonmetropolitan counties,,"1,040,244",,,,,,,,,,
,,Area actually reporting,60.7%,"1,091",37,135,191,728,"9,326","4,143","4,656",527,
,,Estimated total,100.0%,"1,797",61,222,315,"1,199","15,365","6,826","7,671",868,
,State Total,,"2,967,297","8,003",208,927,"2,779","4,089","88,574","30,444","52,770","5,360",
,,"Rate per 100,000 inhabitants",,269.7,7.0,31.2,93.7,137.8,"2,985.0","1,026.0","1,778.4",180.6,
MISSOURI,Metropolitan Statistical Area,,"4,517,557", ,,,,,,,,,
,,Area actually reporting,99.9%,"22,830",353,"1,189","5,837","15,451","164,192","35,093","114,672","14,427",
,,Estimated total,100.0%,"22,835",353,"1,189","5,838","15,455","164,263","35,106","114,725","14,432",
,Cities outside metropolitan areas,,"638,289",,,,,,,,,,
,,Area actually reporting,98.4%,"2,475",22,139,245,"2,069","24,153","4,594","18,743",816,
,,Estimated total,100.0%,"2,515",22,141,249,"2,103","24,554","4,670","19,054",830,
,Nonmetropolitan counties,,"833,081",,,,,,,,,,
,,Area actually reporting,99.2%,"1,887",45,101,45,"1,696","11,505","4,233","6,489",783,
,,Estimated total,100.0%,"1,902",45,102,45,"1,710","11,597","4,267","6,541",789,
,State Total,,"5,988,927","27,252",420,"1,432","6,132","19,268","200,414","44,043","140,320","16,051",
,,"Rate per 100,000 inhabitants",,455.0,7.0,23.9,102.4,321.7,"3,346.4",735.4,"2,343.0",268.0,
MONTANA,Metropolitan Statistical Area,,"350,785", ,,,,,,,,,
,,Area actually reporting,100.0%,787,8,66,97,616,"12,170","1,711","9,758",701,
,Cities outside metropolitan areas,,"217,382",,,,,,,,,,
,,Area actually reporting,98.5%,945,8,151,41,745,"7,107",955,"5,731",421,
,,Estimated total,100.0%,959,8,153,42,756,"7,213",969,"5,817",427,
,Nonmetropolitan counties,,"421,248",,,,,,,,,,
,,Area actually reporting,98.2%,930,10,100,18,802,"5,683",957,"4,335",391,
,,Estimated total,100.0%,947,10,102,18,817,"5,786",974,"4,414",398,
,State Total,,"989,415","2,693",26,321,157,"2,189","25,169","3,654","19,989","1,526",
,,"Rate per 100,000 inhabitants",,272.2,2.6,32.4,15.9,221.2,"2,543.8",369.3,"2,020.3",154.2,
NEBRASKA,Metropolitan Statistical Area,,"1,077,532",,,,,,,,,,
,,Area actually reporting,98.1%,"3,920",40,413,945,"2,522","33,263","5,491","24,844","2,928",
,,Estimated total,100.0%,"3,944",40,415,946,"2,543","33,561","5,560","25,052","2,949",
,Cities outside metropolitan areas,,"391,292",,,,,,,,,,
,,Area actually reporting,94.2%,837,9,196,67,565,"11,230","1,784","9,002",444,
,,Estimated total,100.0%,889,10,208,71,600,"11,924","1,894","9,559",471,
,Nonmetropolitan counties,,"357,517",,,,,,,,,,
,,Area actually reporting,79.9%,216,3,39,6,168,"2,666",697,"1,814",155,
,,Estimated total,100.0%,271,4,49,8,210,"3,336",872,"2,270",194,
,State Total,,"1,826,341","5,104",54,672,"1,025","3,353","48,821","8,326","36,881","3,614",
,,"Rate per 100,000 inhabitants",,279.5,3.0,36.8,56.1,183.6,"2,673.2",455.9,"2,019.4",197.9,
NEVADA,Metropolitan Statistical Area,,"2,431,751",,,,,,,,,,
,,Area actually reporting,100.0%,"16,860",149,884,"5,215","10,612","69,956","20,645","39,512","9,799",
,Cities outside metropolitan areas,,"47,206",,,,,,,,,,
,,Area actually reporting,100.0%,250,0,28,27,195,"1,512",448,974,90,
,Nonmetropolitan counties,,"221,594",,,,,,,,,,
,,Area actually reporting,100.0%,731,9,53,56,613,"3,464","1,133","2,035",296,
,State Total,,"2,700,551","17,841",158,965,"5,298","11,420","74,932","22,226","42,521","10,185",
,,"Rate per 100,000 inhabitants",,660.6,5.9,35.7,196.2,422.9,"2,774.7",823.0,"1,574.5",377.1,
NEW HAMPSHIRE,Metropolitan Statistical Area,,"823,922",,,,,,,,,,
,,Area actually reporting,91.7%,"1,426",9,226,327,864,"16,408","3,144","12,660",604,
,,Estimated total,100.0%,"1,490",9,238,339,904,"17,349","3,309","13,402",638,
,Cities outside metropolitan areas,,"442,399",,,,,,,,,,
,,Area actually reporting,89.7%,592,4,144,99,345,"9,966","1,791","7,891",284,
,,Estimated total,100.0%,660,4,161,110,385,"11,111","1,997","8,797",317,
,Nonmetropolitan counties,,"50,149",,,,,,,,,,
,,Area actually reporting,3.0%,15,0,3,1,11,91,9,80,2,
,,Estimated total,100.0%,48,0,13,2,33,322,135,174,13,
,State Total,,"1,316,470","2,198",13,412,451,"1,322","28,782","5,441","22,373",968,
,,"Rate per 100,000 inhabitants",,167.0,1.0,31.3,34.3,100.4,"2,186.3",413.3,"1,699.5",73.5,
NEW JERSEY,Metropolitan Statistical Area,,"8,791,894",,,,,,,,,,
,,Area actually reporting,100.0%,"27,055",371,981,"11,818","13,885","183,042","38,732","128,754","15,556",
,Cities outside metropolitan areas,,None,,,,,,,,,,
,Nonmetropolitan counties,,None,,,,,,,,,,
,State Total,,"8,791,894","27,055",371,981,"11,818","13,885","183,042","38,732","128,754","15,556",
,,"Rate per 100,000 inhabitants",,307.7,4.2,11.2,134.4,157.9,"2,081.9",440.5,"1,464.5",176.9,
NEW MEXICO,Metropolitan Statistical Area,,"1,375,520", ,,,,, ,,,,
,,Area actually reporting,99.7%,"8,012",74,600,"1,303","6,035","49,468","13,823","31,439","4,206",
,,Estimated total,100.0%,"8,034",74,601,"1,304","6,055","49,602","13,855","31,532","4,215",
,Cities outside metropolitan areas,,"391,114",,,,,,,,,,
,,Area actually reporting,97.6%,"3,150",49,251,262,"2,588","16,592","4,931","10,962",699,
,,Estimated total,100.0%,"3,226",50,257,268,"2,651","16,993","5,050","11,227",716,
,Nonmetropolitan counties,,"292,545",,,,,,,,,,
,,Area actually reporting,94.6%,820,17,95,40,668,"3,924","1,996","1,629",299,
,,Estimated total,100.0%,866,18,100,42,706,"4,147","2,109","1,722",316,
,State Total,,"2,059,179","12,126",142,958,"1,614","9,412","70,742","21,014","44,481","5,247",
,,"Rate per 100,000 inhabitants",,588.9,6.9,46.5,78.4,457.1,"3,435.4","1,020.5","2,160.1",254.8,
NEW YORK,Metropolitan Statistical Area,,"17,857,493",,,,,,,,,,
,,Area actually reporting,99.6%,"73,208",842,"2,412","28,113","41,841","343,968","57,773","266,598","19,597",
,,Estimated total,100.0%,"73,319",843,"2,417","28,153","41,906","345,218","57,967","267,615","19,636",
,Cities outside metropolitan areas,,"558,102",,,,,,,,,,
,,Area actually reporting,97.6%,"1,527",15,169,232,"1,111","16,774","3,143","13,294",337,
,,Estimated total,100.0%,"1,564",15,173,238,"1,138","17,185","3,220","13,620",345,
,Nonmetropolitan counties,,"962,507",,,,,,,,,,
,,Area actually reporting,100.0%,"1,094",8,181,82,823,"13,758","3,786","9,520",452,
,State Total,,"19,378,102","75,977",866,"2,771","28,473","43,867","376,161","64,973","290,755","20,433",
,,"Rate per 100,000 inhabitants",,392.1,4.5,14.3,146.9,226.4,"1,941.2",335.3,"1,500.4",105.4,
NORTH CAROLINA,Metropolitan Statistical Area,,"6,758,596",,,,,,,,,,
,,Area actually reporting,97.6%,"24,673",314,"1,441","7,575","15,343","232,547","68,270","150,510","13,767",
,,Estimated total,100.0%,"25,045",319,"1,467","7,648","15,611","237,265","69,684","153,567","14,014",
,Cities outside metropolitan areas,,"852,780",,,,,,,,,,
,,Area actually reporting,90.2%,"4,523",64,213,"1,201","3,045","41,005","11,567","27,920","1,518",
,,Estimated total,100.0%,"5,002",71,236,"1,327","3,368","45,356","12,796","30,882","1,678",
,Nonmetropolitan counties,,"1,924,107",,,,,,,,,,
,,Area actually reporting,94.1%,"4,337",81,292,598,"3,366","43,400","19,027","21,908","2,465",
,,Estimated total,100.0%,"4,606",86,310,635,"3,575","46,098","20,210","23,270","2,618",
,State Total,,"9,535,483","34,653",476,"2,013","9,610","22,554","328,719","102,690","207,719","18,310",
,,"Rate per 100,000 inhabitants",,363.4,5.0,21.1,100.8,236.5,"3,447.3","1,076.9","2,178.4",192.0,
NORTH DAKOTA,Metropolitan Statistical Area,,"331,649", ,,,,,,,,,
,,Area actually reporting,100.0%,746,3,127,64,552,"7,191","1,117","5,657",417,
,Cities outside metropolitan areas,,"148,656",,,,,,,,,,
,,Area actually reporting,94.2%,642,4,82,23,533,"3,365",553,"2,511",301,
,,Estimated total,100.0%,681,4,87,24,566,"3,573",587,"2,666",320,
,Nonmetropolitan counties,,"192,286",,,,,,,,,,
,,Area actually reporting,97.3%,83,3,22,2,56,"1,101",255,727,119,
,,Estimated total,100.0%,86,3,23,2,58,"1,131",262,747,122,
,State Total,,"672,591","1,513",10,237,90,"1,176","11,895","1,966","9,070",859,
,,"Rate per 100,000 inhabitants",,225.0,1.5,35.2,13.4,174.8,"1,768.5",292.3,"1,348.5",127.7,
OHIO,Metropolitan Statistical Area,,"9,328,810",,,,,,,,,,
,,Area actually reporting,95.3%,"32,775",443,"3,115","15,572","13,645","309,593","90,562","200,027","19,004",
,,Estimated total,100.0%,"33,470",445,"3,217","15,835","13,973","321,443","93,031","208,990","19,422",
,Cities outside metropolitan areas,,"930,069",,,,,,,,,,
,,Area actually reporting,81.2%,"1,376",14,256,415,691,"28,006","5,777","21,569",660,
,,Estimated total,100.0%,"1,694",17,315,511,851,"34,497","7,116","26,568",813,
,Nonmetropolitan counties,,"1,277,625",,,,,,,,,,
,,Area actually reporting,91.2%,"1,096",13,152,121,810,"16,821","5,814","10,202",805,
,,Estimated total,100.0%,"1,202",14,167,133,888,"18,441","6,374","11,184",883,
,State Total,,"11,536,504","36,366",476,"3,699","16,479","15,712","374,381","106,521","246,742","21,118",
,,"Rate per 100,000 inhabitants",,315.2,4.1,32.1,142.8,136.2,"3,245.2",923.3,"2,138.8",183.1,
OKLAHOMA,Metropolitan Statistical Area,,"2,407,430",,,,,,,,,,
,,Area actually reporting,100.0%,"13,598",145,"1,034","2,964","9,455","92,843","27,301","57,313","8,229",
,Cities outside metropolitan areas,,"725,417",,,,,,,,,,
,,Area actually reporting,99.3%,"3,235",32,282,341,"2,580","27,021","7,010","18,743","1,268",
,,Estimated total,100.0%,"3,259",32,284,344,"2,599","27,225","7,063","18,884","1,278",
,Nonmetropolitan counties,,"618,504",,,,,,,,,,
,,Area actually reporting,100.0%,"1,130",18,132,29,951,"8,058","3,112","4,263",683,
,State Total,,"3,751,351","17,987",195,"1,450","3,337","13,005","128,126","37,476","80,460","10,190",
,,"Rate per 100,000 inhabitants",,479.5,5.2,38.7,89.0,346.7,"3,415.5",999.0,"2,144.8",271.6,
OREGON2,Metropolitan Statistical Area,,"2,998,714",,,,,,,,,,
,,Area actually reporting,96.4%,"7,960",59,944,"2,127","4,830","91,148","14,508","68,989","7,651",
,,Estimated total,100.0%,"8,138",61,970,"2,157","4,950","93,185","14,920","70,469","7,796",
,Cities outside metropolitan areas,,"390,919",,,,,,,,,,
,,Area actually reporting,86.7%,891,11,146,167,567,"13,419","2,389","10,497",533,
,,Estimated total,100.0%,"1,028",13,168,193,654,"15,481","2,756","12,110",615,
,Nonmetropolitan counties,,"441,441",,,,,,,,,,
,,Area actually reporting,75.0%,367,13,57,30,267,"5,072","1,471","3,225",376,
,,Estimated total,100.0%,489,17,76,40,356,"6,762","1,961","4,300",501,
,State Total,,"3,831,074","9,655",91,"1,214","2,390","5,960","115,428","19,637","86,879","8,912",
,,"Rate per 100,000 inhabitants",,252.0,2.4,31.7,62.4,155.6,"3,012.9",512.6,"2,267.7",232.6,
PENNSYLVANIA,Metropolitan Statistical Area,,"10,710,034",,,,,,,,,,
,,Area actually reporting,99.3%,"42,240",601,"2,768","15,878","22,993","241,670","46,958","179,314","15,398",
,,Estimated total,100.0%,"42,396",601,"2,777","15,919","23,099","243,093","47,187","180,455","15,451",
,Cities outside metropolitan areas,,"931,295",,,,,,,,,,
,,Area actually reporting,96.7%,"2,294",20,198,285,"1,791","18,609","3,536","14,520",553,
,,Estimated total,100.0%,"2,373",21,205,295,"1,852","19,241","3,656","15,013",572,
,Nonmetropolitan counties,,"1,061,050",,,,,,,,,,
,,Area actually reporting,100.0%,"1,745",35,433,148,"1,129","13,689","4,328","8,715",646,
,State Total,,"12,702,379","46,514",657,"3,415","16,362","26,080","276,023","55,171","204,183","16,669",
,,"Rate per 100,000 inhabitants",,366.2,5.2,26.9,128.8,205.3,"2,173.0",434.3,"1,607.4",131.2,
RHODE ISLAND,Metropolitan Statistical Area,,"1,052,567",,,,,,,,,,
,,Area actually reporting,100.0%,"2,696",28,296,780,"1,592","26,831","6,121","18,367","2,343",
,Cities outside metropolitan areas,,None,,,,,,,,,,
,Nonmetropolitan counties,,None,,,,,,,,,,
,,Area actually reporting,100.0%,5,1,0,0,4,79,0,23,56,
,State Total,,"1,052,567","2,701",29,296,780,"1,596","26,910","6,121","18,390","2,399",
,,"Rate per 100,000 inhabitants",,256.6,2.8,28.1,74.1,151.6,"2,556.6",581.5,"1,747.2",227.9,
SOUTH CAROLINA,Metropolitan Statistical Area,,"3,549,779",,,,,, ,,,,
,,Area actually reporting,99.9%,"20,477",197,"1,155","3,920","15,205","137,670","33,747","93,517","10,406",
,,Estimated total,100.0%,"20,503",197,"1,156","3,924","15,226","137,869","33,784","93,669","10,416",
,Cities outside metropolitan areas,,"282,845",,,,,,,,,,
,,Area actually reporting,97.7%,"2,868",20,118,527,"2,203","15,111","3,738","10,766",607,
,,Estimated total,100.0%,"2,934",20,121,539,"2,254","15,463","3,825","11,017",621,
,Nonmetropolitan counties,,"792,740",,,,,,,,,,
,,Area actually reporting,100.0%,"4,211",63,189,519,"3,440","27,075","8,547","16,368","2,160",
,State Total,,"4,625,364","27,648",280,"1,466","4,982","20,920","180,407","46,156","121,054","13,197",
,,"Rate per 100,000 inhabitants",,597.7,6.1,31.7,107.7,452.3,"3,900.4",997.9,"2,617.2",285.3,
SOUTH DAKOTA,Metropolitan Statistical Area,,"382,490", ,,,,,,,,,
,,Area actually reporting,96.9%,"1,071",7,222,120,722,"9,286","1,953","6,904",429,
,,Estimated total,100.0%,"1,086",7,225,120,734,"9,443","1,988","7,019",436,
,Cities outside metropolitan areas,,"205,213",,,,,,,,,,
,,Area actually reporting,89.7%,840,7,122,25,686,"4,076",746,"3,068",262,
,,Estimated total,100.0%,936,8,136,28,764,"4,542",831,"3,419",292,
,Nonmetropolitan counties,,"226,477",,,,,,,,,,
,,Area actually reporting,79.1%,130,6,23,5,96,867,286,528,53,
,,Estimated total,100.0%,164,8,29,6,121,"1,097",362,668,67,
,State Total,,"814,180","2,186",23,390,154,"1,619","15,082","3,181","11,106",795,
,,"Rate per 100,000 inhabitants",,268.5,2.8,47.9,18.9,198.9,"1,852.4",390.7,"1,364.1",97.6,
TENNESSEE,Metropolitan Statistical Area,,"4,671,121", ,,,,,,,,,
,,Area actually reporting,100.0%,"32,181",286,"1,763","7,715","22,417","180,615","48,939","119,713","11,963",
,Cities outside metropolitan areas,,"614,285",,,,,,,,,,
,,Area actually reporting,100.0%,"3,681",27,203,486,"2,965","27,889","6,527","20,222","1,140",
,Nonmetropolitan counties,,"1,060,699",,,,,,,,,,
,,Area actually reporting,100.0%,"3,059",44,172,165,"2,678","23,628","8,769","13,127","1,732",
,State Total,,"6,346,105","38,921",357,"2,138","8,366","28,060","232,132","64,235","153,062","14,835",
,,"Rate per 100,000 inhabitants",,613.3,5.6,33.7,131.8,442.2,"3,657.9","1,012.2","2,411.9",233.8,
TEXAS,Metropolitan Statistical Area,,"22,153,872",,,,,,,,,,
,,Area actually reporting,99.8%,"103,798","1,148","6,687","31,949","64,014","877,796","206,229","606,955","64,612",
,,Estimated total,100.0%,"103,914","1,149","6,698","31,976","64,091","879,209","206,519","607,994","64,696",
,Cities outside metropolitan areas,,"1,394,578",,,,,,,,,,
,,Area actually reporting,99.4%,"6,040",35,515,694,"4,796","47,412","12,370","33,335","1,707",
,,Estimated total,100.0%,"6,060",35,517,695,"4,813","47,559","12,415","33,436","1,708",
,Nonmetropolitan counties,,"1,597,111",,,,,,,,,,
,,Area actually reporting,99.8%,"3,250",65,406,172,"2,607","24,421","9,641","13,165","1,615",
,,Estimated total,100.0%,"3,257",65,407,172,"2,613","24,478","9,663","13,196","1,619",
,State Total,,"25,145,561","113,231","1,249","7,622","32,843","71,517","951,246","228,597","654,626","68,023",
,,"Rate per 100,000 inhabitants",,450.3,5.0,30.3,130.6,284.4,"3,783.0",909.1,"2,603.3",270.5,
UTAH,Metropolitan Statistical Area,,"2,463,884",,,,,,,,,,
,,Area actually reporting,99.9%,"5,438",46,857,"1,246","3,289","81,528","13,644","62,207","5,677",
,,Estimated total,100.0%,"5,438",46,857,"1,246","3,289","81,540","13,646","62,216","5,678",
,Cities outside metropolitan areas,,"148,476",,,,,,,,,,
,,Area actually reporting,88.2%,246,5,55,17,169,"3,746",672,"2,927",147,
,,Estimated total,100.0%,279,6,62,19,192,"4,247",762,"3,318",167,
,Nonmetropolitan counties,,"151,525",,,,,,,,,,
,,Area actually reporting,88.3%,144,1,26,3,114,"1,849",538,"1,219",92,
,,Estimated total,100.0%,162,1,29,3,129,"2,093",609,"1,380",104,
,State Total,,"2,763,885","5,879",53,948,"1,268","3,610","87,880","15,017","66,914","5,949",
,,"Rate per 100,000 inhabitants",,212.7,1.9,34.3,45.9,130.6,"3,179.6",543.3,"2,421.0",215.2,
VERMONT,Metropolitan Statistical Area,,"209,845",,,,,,,,,,
,,Area actually reporting,100.0%,312,2,49,39,222,"5,926","1,055","4,696",175,
,Cities outside metropolitan areas,,"205,894",,,,,,,,,,
,,Area actually reporting,96.7%,338,0,44,32,262,"4,902",951,"3,836",115,
,,Estimated total,100.0%,349,0,45,33,271,"5,067",983,"3,965",119,
,Nonmetropolitan counties,,"210,002",, ,,,,,,,,
,,Area actually reporting,98.1%,151,5,37,2,107,"3,224","1,302","1,778",144,
,,Estimated total,100.0%,154,5,38,2,109,"3,288","1,328","1,813",147,
,State Total,,"625,741",815,7,132,74,602,"14,281","3,366","10,474",441,
,,"Rate per 100,000 inhabitants",,130.2,1.1,21.1,11.8,96.2,"2,282.3",537.9,"1,673.9",70.5,
VIRGINIA,Metropolitan Statistical Area,,"6,881,309",,,,,,,,,,
,,Area actually reporting,100.0%,"15,474",315,"1,299","5,395","8,465","167,152","26,536","131,063","9,553",
,Cities outside metropolitan areas,,"273,315",,,,,,,,,,
,,Area actually reporting,100.0%,624,14,83,144,383,"8,018","1,155","6,624",239,
,Nonmetropolitan counties,,"846,400",,,,,,,,,,
,,Area actually reporting,100.0%,989,40,150,118,681,"11,026","2,938","7,332",756,
,State Total,,"8,001,024","17,087",369,"1,532","5,657","9,529","186,196","30,629","145,019","10,548",
,,"Rate per 100,000 inhabitants",,213.6,4.6,19.1,70.7,119.1,"2,327.2",382.8,"1,812.5",131.8,
WASHINGTON,Metropolitan Statistical Area,,"5,904,442",,,,,,,,,,
,,Area actually reporting,99.9%,"19,171",134,"2,223","5,626","11,188","221,822","47,788","150,317","23,717",
,,Estimated total,100.0%,"19,173",134,"2,223","5,627","11,189","221,862","47,795","150,346","23,721",
,Cities outside metropolitan areas,,"335,901",,,,,,,,,,
,,Area actually reporting,98.2%,"1,247",4,217,215,811,"16,829","3,625","12,113","1,091",
,,Estimated total,100.0%,"1,270",4,221,219,826,"17,139","3,692","12,336","1,111",
,Nonmetropolitan counties,,"484,197",,,,,,,,,,
,,Area actually reporting,100.0%,658,14,118,83,443,"10,252","3,677","5,678",897,
,State Total,,"6,724,540","21,101",152,"2,562","5,929","12,458","249,253","55,164","168,360","25,729",
,,"Rate per 100,000 inhabitants",,313.8,2.3,38.1,88.2,185.3,"3,706.6",820.3,"2,503.7",382.6,
WEST VIRGINIA,Metropolitan Statistical Area,,"1,034,548",,,,,,,,,,
,,Area actually reporting,92.5%,"3,342",30,213,556,"2,543","24,407","6,275","16,713","1,419",
,,Estimated total,100.0%,"3,566",32,227,581,"2,726","26,450","6,725","18,203","1,522",
,Cities outside metropolitan areas,,"223,928",,,,,,,,,,
,,Area actually reporting,78.0%,727,9,39,114,565,"5,497","1,125","4,203",169,
,,Estimated total,100.0%,932,12,50,146,724,"7,043","1,441","5,385",217,
,Nonmetropolitan counties,,"594,518",,,,,,,,,,
,,Area actually reporting,92.7%,"1,235",17,71,94,"1,053","7,419","2,400","4,443",576,
,,Estimated total,100.0%,"1,332",18,77,101,"1,136","8,007","2,590","4,795",622,
,State Total,,"1,852,994","5,830",62,354,828,"4,586","41,500","10,756","28,383","2,361",
,,"Rate per 100,000 inhabitants",,314.6,3.3,19.1,44.7,247.5,"2,239.6",580.5,"1,531.7",127.4,
WISCONSIN,Metropolitan Statistical Area,,"4,162,487",,,,,,,,,,
,,Area actually reporting,99.9%,"12,205",139,907,"4,389","6,770","112,702","20,423","85,114","7,165",
,,Estimated total,100.0%,"12,205",139,907,"4,389","6,770","112,705","20,423","85,117","7,165",
,Cities outside metropolitan areas,,"625,718",,,,,,,,,,
,,Area actually reporting,97.4%,"1,141",7,146,91,897,"18,939","2,621","15,890",428,
,,Estimated total,100.0%,"1,171",7,150,93,921,"19,436","2,690","16,307",439,
,Nonmetropolitan counties,,"898,781",,,,,,,,,,
,,Area actually reporting,98.8%,757,9,128,22,598,"10,341","3,410","6,404",527,
,,Estimated total,100.0%,766,9,130,22,605,"10,471","3,453","6,484",534,
,State Total,,"5,686,986","14,142",155,"1,187","4,504","8,296","142,612","26,566","107,908","8,138",
,,"Rate per 100,000 inhabitants",,248.7,2.7,20.9,79.2,145.9,"2,507.7",467.1,"1,897.5",143.1,
WYOMING,Metropolitan Statistical Area,,"169,109", ,,,,, ,,,,
,,Area actually reporting,100.0%,328,3,51,47,227,"5,637",849,"4,534",254,
,Cities outside metropolitan areas,,"237,483",,,,,,,,,,
,,Area actually reporting,98.1%,578,4,87,20,467,"6,456",895,"5,322",239,
,,Estimated total,100.0%,589,4,89,20,476,"6,581",912,"5,425",244,
,Nonmetropolitan counties,,"157,034",, ,, ,,,,,,
,,Area actually reporting,100.0%,187,1,24,9,153,"1,656",388,"1,175",93,
,State Total,,"563,626","1,104",8,164,76,856,"13,874","2,149","11,134",591,
,,"Rate per 100,000 inhabitants",,195.9,1.4,29.1,13.5,151.9,"2,461.6",381.3,"1,975.4",104.9,
1 Includes offenses reported by the Zoological Police and the Metro Transit Police.,,,,,,,,,,,,,
"2 Because of changes in the state's reporting practices, figures are not comparable to previous years' data.",,,,,,,,,,,,,
"3 The data collection methodology for the offense of forcible rape used by the Minnesota state Uniform Crime Reporting (UCR) Program (with the exception of Minneapolis and St. Paul, Minnesota) does not comply with national UCR Program guidelines.  Consequently, its figures for forcible rape and violent crime (of which forcible rape is a part) are not published in this table.",,,,,,,,,,,,,
"NOTE:  Although arson data are included in the trend and clearance tables, sufficient data are not available to estimate totals for this offense.  Therefore, no arson data are published in this table.",,,,,,,,,,,,,