Table 5,,,,,,,,,,,,,,
Index of Crime,,,,,,,,,,,,,,
"by State, 2002",,,,,,,,,,,,,,
Area,Population,Crime Index  ,Modified Crime Index1,Violent crime2,Property crime2,Murder and non-negligent man-     slaughter,Forcible rape,Robbery,Aggravated assault,,Burglary,Larceny-theft,Motor vehicle theft,Arson1
,,,,,,,,,,,,,,
ALABAMA, , , ,,,,,,,,,,,
,,,,,,,,,,,,,,
Metropolitan Statistical Area,"3,136,510",,,,,,,,,,,,,
   Area actually reporting,93.2%,"146,135",,"14,368","131,767",231,"1,197","4,970","7,970",,"30,511","90,531","10,725",
   Estimated total,100.0%,"155,153", ,"15,126","140,027",240,"1,256","5,210","8,420",,"32,145","96,566","11,316",
Cities outside metropolitan areas,"539,598",,,,,,,,,,,,,
   Area actually reporting,82.2%,"25,276", ,"2,469","22,807",24,195,484,"1,766",,"4,993","16,610","1,204",
   Estimated total,100.0%,"30,749", ,"3,003","27,746",29,237,589,"2,148",,"6,074","20,207","1,465",
Rural,"810,400",,,,,,,,,,,,,
   Area actually reporting,73.6%,"10,626", ,"1,327","9,299",25,126,120,"1,056",,"3,210","5,272",817,
   Estimated total,100.0%,"14,429", ,"1,802","12,627",34,171,163,"1,434",,"4,359","7,159","1,109",
State Total,"4,486,508","200,331",,"19,931","180,400",303,"1,664","5,962","12,002",0,"42,578","123,932","13,890",
"   Rate per 100,000 inhabitants",,"4,465.2",,444.2,"4,020.9",6.8,37.1,132.9,267.5,,949.0,"2,762.3",309.6,
,,,,, , , ,, ,, ,, ,
ALASKA,, , , ,, , , , ,, ,, ,
,,,,,, , ,, ,,,,,
Metropolitan Statistical Area,"267,280",,,,,,,,,,,,,
   Area actually reporting,100.0%,"13,670",,"1,721","11,949",18,254,382,"1,067",,"1,521","9,255","1,173",
Cities outside metropolitan areas,"167,350",,,,,,,,,,,,,
   Area actually reporting,95.0%,"8,727",,"1,122","7,605",5,134,73,910,,"1,015","5,901",689,
   Estimated total,100.0%,"9,181",,"1,180","8,001",5,141,77,957,,"1,068","6,208",725,
Rural,"209,156",,,,,,,,,,,,,
   Area actually reporting,100.0%,"4,894", ,726,"4,168",10,116,30,570,,"1,319","2,276",573,
State Total,"643,786","27,745",,"3,627","24,118",33,511,489,"2,594",0,"3,908","17,739","2,471",
"   Rate per 100,000 inhabitants",,"4,309.7",,563.4,"3,746.3",5.1,79.4,76.0,402.9,,607.0,"2,755.4",383.8,
,,,,,,,,,,,,,,
ARIZONA,, , , ,, ,,,,,,,,
,,,,,,,,,,,,,,
Metropolitan Statistical Area,"4,814,487",,,,,,,,,,,,,
   Area actually reporting,98.3%,"322,139",,"27,408","294,731",364,"1,499","7,804","17,741",,"53,694","185,611","55,426",
   Estimated total,100.0%,"327,109",,"27,729","299,380",367,"1,520","7,876","17,966",,"54,662","188,571","56,147",
Cities outside metropolitan areas,"305,238",,,,, ,,,,,,,,
   Area actually reporting,98.8%,"13,860",,"1,146","12,714",8,54,91,993,,"2,353","9,487",874,
   Estimated total,100.0%,"14,030",,"1,160","12,870",8,55,92,"1,005",,"2,382","9,603",885,
Rural,"336,728",, ,,,,,,,,,,,
   Area actually reporting,100.0%,"7,328",,"1,282","6,046",12,33,32,"1,205",,"2,043","3,367",636,
State Total,"5,456,453","348,467",,"30,171","318,296",387,"1,608","8,000","20,176",,"59,087","201,541","57,668",
"   Rate per 100,000 inhabitants",,"6,386.3",,552.9,"5,833.4",7.1,29.5,146.6,369.8,,"1,082.9","3,693.6","1,056.9",
,, ,,,,,,,,,,,,
ARKANSAS,, ,, , ,, , , ,, , ,,
,,,,,,,,, ,, , , ,
Metropolitan Statistical Area,"1,339,146",, ,,,,,,,,,,,
   Area actually reporting,100.0%,"74,398",,"7,326","67,072",95,525,"2,044","4,662",,"13,879","48,670","4,523",
Cities outside metropolitan areas,"509,713",,,,, ,,,,,,,,
   Area actually reporting ,98.4%,"26,046",,"2,878","23,168",20,132,393,"2,333",,"5,668","16,197","1,303",
   Estimated total,100.0%,"26,468",,"2,924","23,544",20,134,399,"2,371",,"5,760","16,460","1,324",
Rural,"861,220",,,,,,,,,,,,,
   Area actually reporting,97.1%,"11,467",,"1,215","10,252",26,92,79,"1,018",,"3,487","5,827",938,
   Estimated total,100.0%,"11,806",,"1,251","10,555",27,95,81,"1,048",,"3,590","5,999",966,
State Total,"2,710,079","112,672",,"11,501","101,171",142,754,"2,524","8,081",0,"23,229","71,129","6,813",
"   Rate per 100,000 inhabitants",,"4,157.5",,424.4,"3,733.1",5.2,27.8,93.1,298.2,,857.1,"2,624.6",251.4,
,,, ,,,,,,,,,,,
CALIFORNIA,, ,, , , , ,, ,,,,,
,, , , ,,,,,,,,,,
Metropolitan Statistical Area,"33,953,585",,,,,,,,,,,,,
   Area actually reporting,100.0%,"1,348,339",,"204,139","1,144,200","2,352","9,809","64,453","127,525",,"229,182","696,315","218,703",
Cities outside metropolitan areas,"501,198",,,,,,,,,,,,,
   Area actually reporting,100.0%,"21,249",,"2,323","18,926",20,202,375,"1,726",,"4,468","12,416","2,042",
Rural,"661,250",,,,,,,,,,,,,
   Area actually reporting,100.0%,"15,284",,"1,926","13,358",23,187,140,"1,576",,"4,778","6,961","1,619",
State Total,"35,116,033","1,384,872",,"208,388","1,176,484","2,395","10,198","64,968","130,827",0,"238,428","715,692","222,364",
"   Rate per 100,000 inhabitants",,"3,943.7",,593.4,"3,350.3",6.8,29.0,185.0,372.6,,679.0,"2,038.1",633.2,
,,,,,,,,,,,,,,
COLORADO,,,, , , , ,, ,,,, ,
,, ,,, , , ,,,,,,,
Metropolitan Statistical Area,"3,779,831",, ,,,,,, ,,,,,
   Area actually reporting,95.6%,"166,005",,"13,589","152,416",158,"1,740","3,314","8,377",,"27,280","103,999","21,137",
   Estimated total,100.0%,"174,593",,"14,220","160,373",164,"1,821","3,464","8,771",,"28,431","109,651","22,291",
Cities outside metropolitan areas,"313,320",, ,,,,,,,,,,,
   Area actually reporting,86.6%,"13,287",,992,"12,295",5,151,83,753,,"1,801","10,007",487,
   Estimated total,100.0%,"15,351",,"1,146","14,205",6,174,96,870,,"2,081","11,561",563,
Rural,"413,391",,,,,,,,,,,,,
   Area actually reporting,87.9%,"5,061",,449,"4,612",8,62,15,364,,"1,005","3,333",274,
   Estimated total,100.0%,"5,992",,516,"5,476",9,71,19,417,,"1,166","3,981",329,
State Total,"4,506,542","195,936",,"15,882","180,054",179,"2,066","3,579","10,058",0,"31,678","125,193","23,183",
"   Rate per 100,000 inhabitants",,"4,347.8", ,352.4,"3,995.4",4.0,45.8,79.4,223.2,,702.9,"2,778.0",514.4,
,,,,, , , ,, ,, , ,,
CONNECTICUT, ,,, , ,,,,,,,,,
,, ,,, , ,,,,,,,,
Metropolitan Statistical Area,"2,897,041",,,,,,,,,,,,,
   Area actually reporting,100.0%,"93,997", ,"9,455","84,542",75,661,"3,926","4,793",,"14,651","58,934","10,957",
Cities outside metropolitan areas,"60,995",,,,,,,,,,,,,
   Area actually reporting,100.0%,"2,628",,235,"2,393",2,13,56,164,,539,"1,711",143,
Rural,"502,467",,,,,,,,,,,,,
   Area actually reporting,100.0%,"7,094",,"1,077","6,017",3,56,78,940,,"1,898","3,647",472,
State Total,"3,460,503","103,719",,"10,767","92,952",80,730,"4,060","5,897",0,"17,088","64,292","11,572",
"   Rate per 100,000 inhabitants",,"2,997.2", ,311.1,"2,686.1",2.3,21.1,117.3,170.4,,493.8,"1,857.9",334.4,
,,,,, , , , , ,, , ,,
DELAWARE,, ,,,,,,,,, ,,,
,, ,,,,,,,,,,,,
Metropolitan Statistical Area,"645,993",,,,,,,,,,,,,
   Area actually reporting,99.9%,"26,417", ,"3,961","22,456",19,266,"1,035","2,641",,"4,222","15,409","2,825",
   Estimated total,100.0%,"26,458",,"3,966","22,492",19,266,"1,036","2,645",,"4,228","15,437","2,827",
Cities outside metropolitan areas,"37,573",,,,,,,,,,,,,
   Area actually reporting,100.0%,"2,303",,293,"2,010",2,15,69,207,,408,"1,517",85,
Rural,"123,819",,,,,, ,,,,,,,
   Area actually reporting,100.0%,"3,042",,577,"2,465",5,77,49,446,,719,"1,601",145,
State Total,"807,385","31,803",,"4,836","26,967",26,358,"1,154","3,298",0,"5,355","18,555","3,057",
"   Rate per 100,000 inhabitants",,"3,939.0",,599.0,"3,340.0",3.2,44.3,142.9,408.5,,663.3,"2,298.2",378.6,
,,,,,, ,,, ,, , ,,
DISTRICT OF COLUMBIA3,, ,, , , ,,,,,,,,
,,, , ,,,,,,,,,,
Metropolitan Statistical Area,"570,898",,,,,,,,,,,,,
   Area actually reporting,100.0%,"45,799",,"9,322","36,477",264,262,"3,834","4,962",,"5,170","21,708","9,599",
Cities outside metropolitan areas,None,, ,,,,,,,,,,,
Rural,None,, ,,,,,,,,,,,
Total,"570,898","45,799",,"9,322","36,477",264,262,"3,834","4,962",0,"5,170","21,708","9,599",
"   Rate per 100,000 inhabitants",,"8,022.3",,"1,632.9","6,389.4",46.2,45.9,671.6,869.2,,905.6,"3,802.4","1,681.4",
,,,, ,, , , ,,, , ,,
FLORIDA,,,,,, ,,,,,,,,
,,,,,,,,,,,,,,
Metropolitan Statistical Area,"15,515,922",,, , ,,,,,,,,,
   Area actually reporting,99.2%,"854,239",,"121,332","732,907",869,"6,225","31,484","82,754",,"164,155","483,463","85,289",
   Estimated total,100.0%,"859,847",,"122,124","737,723",874,"6,273","31,647","83,330",,"165,296","486,611","85,816",
Cities outside metropolitan areas,"240,207",,,,,,,,,,,,,
   Area actually reporting,98.8%,"16,556",,"2,120","14,436",9,105,457,"1,549",,"3,610","9,962",864,
   Estimated total,100.0%,"16,750",,"2,144","14,606",9,106,462,"1,567",,"3,653","10,079",874,
Rural,"957,020",, ,,,,,,,,,,,
   Area actually reporting,100.0%,"29,360",,"4,453","24,907",28,374,472,"3,579",,"8,293","14,788","1,826",
State Total,"16,713,149","905,957",,"128,721","777,236",911,"6,753","32,581","88,476",,"177,242","511,478","88,516",
"   Rate per 100,000 inhabitants",,"5,420.6", ,770.2,"4,650.4",5.5,40.4,194.9,529.4,0.0,"1,060.5","3,060.3",529.6,
,,,, ,,,,,,,,,,
GEORGIA,, ,,,,,,,,,,,,
,, ,,,,,,,,,,,,
Metropolitan Statistical Area,"5,925,447",,,,,,,,,,,,,
   Area actually reporting,99.0%,"283,284",,"28,554","254,730",473,"1,535","11,664","14,882",,"53,571","169,095","32,064",
   Estimated total,100.0%,"286,953",,"28,856","258,097",476,"1,548","11,767","15,065",,"54,153","171,571","32,373",
Cities outside metropolitan areas,"915,341",,,,,,,,,,,,,
   Area actually reporting,92.3%,"50,888",,"5,642","45,246",47,303,"1,155","4,137",,"8,539","34,476","2,231",
   Estimated total,100.0%,"55,159",,"6,115","49,044",51,328,"1,252","4,484",,"9,256","37,370","2,418",
Rural,"1,719,522",, ,,,,,,,,,,,
   Area actually reporting,90.4%,"39,504",,"3,885","35,619",71,210,373,"3,231",,"9,509","23,178","2,932",
   Estimated total,100.0%,"43,718",,"4,300","39,418",79,232,413,"3,576",,"10,523","25,650","3,245",
State Total,"8,560,310","385,830",,"39,271","346,559",606,"2,108","13,432","23,125",0,"73,932","234,591","38,036",
"   Rate per 100,000 inhabitants",,"4,507.2", ,458.8,"4,048.4",7.1,24.6,156.9,270.1,0.0,863.7,"2,740.4",444.3,
,,,,,,,,,,,,,,
HAWAII,,,, , ,,,,,,,,,
,,, ,,,,,,,,,,,
Metropolitan Statistical Area,"900,433",,,,,,,,,,,,,
   Area actually reporting,100.0%,"57,271",,"2,601","54,670",18,304,"1,072","1,207",,"8,932","37,250","8,488",
Cities outside metropolitan areas,None,,,,,,,,,,,,,
Rural,"344,465",,,,,,,,,,,,,
   Area actually reporting,100.0%,"17,967", ,661,"17,306",6,68,138,449,,"3,790","12,094","1,422",
State Total,"1,244,898","75,238",,"3,262","71,976",24,372,"1,210","1,656",0,"12,722","49,344","9,910",
"   Rate per 100,000 inhabitants",,"6,043.7", ,262.0,"5,781.7",1.9,29.9,97.2,133.0,0.0,"1,021.9","3,963.7",796.0,
,, ,,,,,,,,,,,,
IDAHO,, ,,, , ,,,,,,,,
,,, , ,,,,,,,,,,
Metropolitan Statistical Area,"526,430",,,, ,,,,,,,,,
   Area actually reporting,100.0%,"20,859",,"1,682","19,177",13,267,153,"1,249",,"3,443","14,390","1,344",
Cities outside metropolitan areas,"379,717",,,,,,,,,,,,,
   Area actually reporting,97.9%,"14,642",,"1,010","13,632",9,126,69,806,,"2,284","10,572",776,
   Estimated total,100.0%,"14,949",,"1,031","13,918",9,129,70,823,,"2,332","10,794",792,
Rural,"434,984",, ,,,,,,,,,,,
   Area actually reporting,98.9%,"6,665",,699,"5,966",14,100,17,568,,"1,647","3,833",486,
   Estimated total,100.0%,"6,739",,706,"6,033",14,101,17,574,,"1,666","3,876",491,
State Total,"1,341,131","42,547",,"3,419","39,128",36,497,240,"2,646",0,"7,441","29,060","2,627",
"   Rate per 100,000 inhabitants",,"3,172.5", ,254.9,"2,917.5",2.7,37.1,17.9,197.3,0.0,554.8,"2,166.8",195.9,
,,,,,,,,,,,,,,
ILLINOIS4,, ,, , ,,,,,,,,,
,,,,,,,,,,,,,,
State Total,"12,600,620","506,086",,"78,214","427,872",949,"4,298","25,272","47,695",,"81,123","301,892","44,857",
"   Rate per 100,000 inhabitants",,"4,016.4", ,620.7,"3,395.6",7.5,34.1,200.6,378.5,0.0,643.8,"2,395.9",356.0,
,,,,,,,,,,,,,,
INDIANA,,, , , ,,,,,,,,,
,, ,,,,,,,,,,,,
Metropolitan Statistical Area,"4,446,634",,,,,,,,,,,,,
   Area actually reporting,89.7%,"173,239", ,"17,786","155,453",305,"1,391","5,971","10,119",,"31,422","107,426","16,605",
   Estimated total,100.0%,"183,586",,"18,576","165,010",312,"1,470","6,102","10,692",,"33,404","114,178","17,428",
Cities outside metropolitan areas,"590,072",,,,,,,,,,,,,
   Area actually reporting,81.7%,"23,587",,"1,183","22,404",19,149,259,756,,"3,547","17,616","1,241",
   Estimated total,100.0%,"28,872",,"1,447","27,425",23,182,317,925,,"4,342","21,564","1,519",
Rural,"1,122,362",,,,,,,,,,,,,
   Area actually reporting,56.0%,"10,372",,"1,108","9,264",15,107,108,878,,"2,723","5,790",751,
   Estimated total,100.0%,"18,508",,"1,978","16,530",27,191,193,"1,567",,"4,859","10,331","1,340",
State Total,"6,159,068","230,966",,"22,001","208,965",362,"1,843","6,612","13,184",0,"42,605","146,073","20,287",
"   Rate per 100,000 inhabitants",,"3,750.0", ,357.2,"3,392.8",5.9,29.9,107.4,214.1,0.0,691.7,"2,371.7",329.4,
,,,,,,,,,,,,,,
IOWA,, , ,,,,,,,,,,,
,, ,,,,,,,,,,,,
Metropolitan Statistical Area,"1,330,865",,, ,,,,,,,,,,
   Area actually reporting,98.4%,"67,221",,"5,761","61,460",30,555,"1,026","4,150",,"11,123","46,145","4,192",
   Estimated total,100.0%,"67,944",,"5,801","62,143",30,559,"1,032","4,180",,"11,213","46,711","4,219",
Cities outside metropolitan areas,"710,725",,,,,,,,,,,,,
   Area actually reporting,91.8%,"23,511",,"1,904","21,607",5,180,119,"1,600",,"4,475","16,101","1,031",
   Estimated total,100.0%,"25,622",,"2,075","23,547",5,196,130,"1,744",,"4,877","17,546","1,124",
Rural,"895,170",,,,,,,,,,,,,
   Area actually reporting,98.5%,"7,582",,504,"7,078",9,41,7,447,,"2,514","4,091",473,
   Estimated total,100.0%,"7,699",,512,"7,187",9,42,7,454,,"2,553","4,154",480,
State Total,"2,936,760","101,265",,"8,388","92,877",44,797,"1,169","6,378",0,"18,643","68,411","5,823",
"   Rate per 100,000 inhabitants",,"3,448.2", ,285.6,"3,162.6",1.5,27.1,39.8,217.2,0.0,634.8,"2,329.5",198.3,
,,,,,,,,,,,,,,
KANSAS,, ,, , ,,,,,,,,,
,,,,,,,,,,,,,,
Metropolitan Statistical Area,"1,536,604",,, ,,,,,,,,,,
   Area actually reporting,95.8%,"64,646",,"5,817","58,829",48,560,"1,523","3,686",,"10,711","43,642","4,476",
   Estimated total,100.0%,"69,861",,"6,592","63,269",58,586,"1,837","4,111",,"11,738","46,324","5,207",
Cities outside metropolitan areas,"682,033",,,,,,,,,,,,,
   Area actually reporting,91.7%,"28,872",,"2,384","26,488",11,288,263,"1,822",,"4,887","20,322","1,279",
   Estimated total,100.0%,"31,474",,"2,599","28,875",12,314,287,"1,986",,"5,327","22,154","1,394",
Rural,"497,247",,,,,,,,,,,,,
   Area actually reporting,95.4%,"9,219",,991,"8,228",8,129,39,815,,"2,494","5,151",583,
   Estimated total,100.0%,"9,662",,"1,038","8,624",8,135,41,854,,"2,614","5,399",611,
State Total,"2,715,884","110,997",,"10,229","100,768",78,"1,035","2,165","6,951",0,"19,679","73,877","7,212",
"   Rate per 100,000 inhabitants",,"4,087.0", ,376.6,"3,710.3",2.9,38.1,79.7,255.9,0.0,724.6,"2,720.2",265.5,
,, ,,,,,,,,,,,,
KENTUCKY4,, , ,, ,,,,,,,,,
,,, ,,,,,,,,,,,
State Total,"4,092,891","118,799",,"11,418","107,381",184,"1,088","3,063","7,083",,"27,855","70,776","8,750",
"   Rate per 100,000 inhabitants",,"2,902.6", ,279.0,"2,623.6",4.5,26.6,74.8,173.1,0.0,680.6,"1,729.2",213.8,
,,,,,,,,,,,,,,
LOUISIANA,,,,,,,,,,,,,,
,, ,,,,,,,,,,,,
Metropolitan Statistical Area,"3,380,522", ,, , ,,,,,,,,,
   Area actually reporting,98.8%,"186,021",,"22,968","163,053",529,"1,262","6,409","14,768",,"36,188","108,417","18,448",
   Estimated total,100.0%,"188,429",,"23,226","165,203",530,"1,274","6,459","14,963",,"36,620","110,010","18,573",
Cities outside metropolitan areas,"372,005",,,,,,,,,,,,,
   Area actually reporting,67.2%,"15,170",,"2,156","13,014",12,77,284,"1,783",,"2,849","9,641",524,
   Estimated total,100.0%,"22,579",,"3,210","19,369",18,115,423,"2,654",,"4,240","14,349",780,
Rural,"730,119",,,,,,,,,,,,,
   Area actually reporting,88.7%,"15,539",,"2,886","12,653",40,124,214,"2,508",,"3,982","7,932",739,
   Estimated total,100.0%,"17,520",,"3,254","14,266",45,140,241,"2,828",,"4,490","8,943",833,
State Total,"4,482,646","228,528",,"29,690","198,838",593,"1,529","7,123","20,445",0,"45,350","133,302","20,186",
"   Rate per 100,000 inhabitants",,"5,098.1", ,662.3,"4,435.7",13.2,34.1,158.9,456.1,0.0,"1,011.7","2,973.7",450.3,
,,,,,,,,,,,,,,
MAINE,, ,,,,,,,,,,,,
,, ,, , ,,,,,,,,,
Metropolitan Statistical Area,"488,483",,,,,,,,,,,,,
   Area actually reporting,99.9%,"15,213",,610,"14,603",7,167,156,280,,"2,678","11,351",574,
   Estimated total,100.0%,"15,225",,610,"14,615",7,167,156,280,,"2,680","11,361",574,
Cities outside metropolitan areas,"428,325",,,,,,,,,,,,,
   Area actually reporting,99.4%,"13,414",,575,"12,839",4,141,94,336,,"2,231","10,107",501,
   Estimated total,100.0%,"13,502",,579,"12,923",4,142,95,338,,"2,246","10,173",504,
Rural,"377,656",,,,,,,,,,,,,
   Area actually reporting,100.0%,"5,654",,207,"5,447",3,68,19,117,,"2,039","3,057",351,
State Total,"1,294,464","34,381",,"1,396","32,985",14,377,270,735,,"6,965","24,591","1,429",
"   Rate per 100,000 inhabitants",,"2,656.0", ,107.8,"2,548.2",1.1,29.1,20.9,56.8,0.0,538.1,"1,899.7",110.4,
,, ,,,,,,,,,,,,
MARYLAND,, , ,,,,,,,,,,,
,,,, , ,,,,,,,,,
Metropolitan Statistical Area,"5,060,926",,,,,,,,,,,,,
   Area actually reporting,100.0%,"244,746",,"39,609","205,137",493,"1,240","13,033","24,843",,"37,148","134,608","33,381",
Cities outside metropolitan areas,"108,964",,,,,,,,,,,,,
   Area actually reporting,100.0%,"8,287",,"1,303","6,984",9,63,276,955,,"1,314","5,386",284,
Rural,"288,247",,,,,,,,,,,,,
   Area actually reporting,100.0%,"6,087",,"1,103","4,984",11,67,108,917,,"1,303","3,326",355,
State Total,"5,458,137","259,120",,"42,015","217,105",513,"1,370","13,417","26,715",#REF!,"39,765","143,320","34,020",
"   Rate per 100,000 inhabitants",,"4,747.4", ,769.8,"3,977.6",9.4,25.1,245.8,489.5,#REF!,728.5,"2,625.8",623.3,
,,,, , ,,,,,,,,,
MASSACHUSETTS,,,,,,,,,,,,,,
,, ,,,,,,,,,,,,
Metropolitan Statistical Area,"6,166,938",,,,,,,,,,,,,
   Area actually reporting,95.5%,"184,978",,"29,255","155,723",168,"1,642","6,944","20,501",,"30,464","99,669","25,590",
   Estimated total,100.0%,"190,894",,"29,971","160,923",170,"1,689","7,054","21,058",,"31,503","103,287","26,133",
Cities outside metropolitan areas,"251,236",,,,,,,,,,,,,
   Area actually reporting,87.4%,"6,918",,962,"5,956",3,77,99,783,,"1,517","4,044",395,
   Estimated total,100.0%,"7,970",,"1,153","6,817",3,88,113,949,,"1,736","4,629",452,
Rural,"9,627",,,,,,,,,,,,,
   Area actually reporting,100.0%,26,,13,13,0,0,2,11,,4,6,3,
State Total,"6,427,801","198,890",,"31,137","167,753",173,"1,777","7,169","22,018",,"33,243","107,922","26,588",
"   Rate per 100,000 inhabitants",,"3,094.2", ,484.4,"2,609.8",2.7,27.6,111.5,342.5,0.0,517.2,"1,679.0",413.6,
,,,,,,,,,,,,,,
MICHIGAN,, , ,, , ,,,,,,,,
,,,, ,,,,,,,,,,
Metropolitan Statistical Area,"8,261,532",,,,,,,,,,,,,
   Area actually reporting,99.4%,"340,257",,"49,949","290,308",643,"4,059","11,668","33,579",,"59,841","183,112","47,355",
   Estimated total,100.0%,"341,916", ,"50,097","291,819",644,"4,074","11,697","33,682",,"60,103","184,194","47,522",
Cities outside metropolitan areas,"590,393",,,,,,,,,,,,,
   Area actually reporting,89.2%,"18,818", ,"1,261","17,557",7,336,66,852,,"2,545","14,336",676,
   Estimated total,100.0%,"21,099",,"1,414","19,685",8,377,74,955,,"2,853","16,074",758,
Rural,"1,198,521",,,,,,,,,,,,,
   Area actually reporting,98.3%,"25,898",,"2,747","23,151",26,897,75,"1,749",,"7,876","13,857","1,418",
   Estimated total,100.0%,"26,351",,"2,795","23,556",26,913,76,"1,780",,"8,014","14,099","1,443",
State Total,"10,050,446","389,366",,"54,306","335,060",678,"5,364","11,847","36,417",0,"70,970","214,367","49,723",
"   Rate per 100,000 inhabitants",,"3,874.1", ,540.3,"3,333.8",6.7,53.4,117.9,362.3,0.0,706.1,"2,132.9",494.7,
,,,,,,,,,,,,,,
MINNESOTA,,,, , ,,,,,,,,,
,, ,,,,,,,,,,,,
Metropolitan Statistical Area,"3,533,926",,,,,,,,,,,,,
   Area actually reporting,99.4%,"138,855",,"11,309","127,546",95,"1,599","3,816","5,799",,"20,598","95,543","11,405",
   Estimated total,100.0%,"139,550",,"11,342","128,208",95,"1,606","3,824","5,817",,"20,688","96,073","11,447",
Cities outside metropolitan areas,"559,457",,,,,,,,,,,,,
   Area actually reporting,99.4%,"22,009",,"1,158","20,851",5,335,74,744,,"2,861","16,956","1,034",
   Estimated total,100.0%,"22,137",,"1,164","20,973",5,337,74,748,,"2,878","17,055","1,040",
Rural,"926,337",,,,,,,,,,,,,
   Area actually reporting,100.0%,"15,767",,922,"14,845",12,330,39,541,,"4,468","9,022","1,355",
State Total,"5,019,720","177,454",,"13,428","164,026",112,"2,273","3,937","7,106",#REF!,"28,034","122,150","13,842",
"   Rate per 100,000 inhabitants",,"3,535.1", ,267.5,"3,267.6",2.2,45.3,78.4,141.6,#REF!,558.5,"2,433.4",275.8,
,, ,,,,,,,,,,,,
MISSISSIPPI,,,,,,,,,,,,,,
,, ,,, ,,,,,,,,,
Metropolitan Statistical Area,"1,033,431", ,, ,,,,,,,,,,
   Area actually reporting,82.8%,"51,618",,"3,950","47,668",104,478,"1,917","1,451",,"11,734","30,627","5,307",
   Estimated total,100.0%,"57,587",,"4,309","53,278",116,540,"2,007","1,646",,"13,124","34,402","5,752",
Cities outside metropolitan areas,"657,437",,,,,,,,,,,,,
   Area actually reporting,79.3%,"32,095",,"2,402","29,693",52,264,738,"1,348",,"7,177","20,882","1,634",
   Estimated total,100.0%,"40,481",,"3,030","37,451",66,333,931,"1,700",,"9,052","26,338","2,061",
Rural,"1,180,914",,,,,,,,,,,,,
   Area actually reporting,41.4%,"8,850",,"1,043","7,807",34,105,173,731,,"3,071","4,028",708,
   Estimated total,100.0%,"21,374",,"2,519","18,855",82,254,418,"1,765",,"7,417","9,728","1,710",
State Total,"2,871,782","119,442",,"9,858","109,584",264,"1,127","3,356","5,111",0,"29,593","70,468","9,523",
"   Rate per 100,000 inhabitants",,"4,159.2", ,343.3,"3,815.9",9.2,39.2,116.9,178.0,0.0,"1,030.5","2,453.8",331.6,
,,,,,,,,,,,,,,
MISSOURI,,,,,,,,,,,,,,
,, ,,, ,,,,,,,,,
Metropolitan Statistical Area,"3,847,277", ,, ,,,,,,,,,,
   Area actually reporting,99.7%,"211,121",,"23,892","187,229",267,"1,089","6,644","15,892",,"32,331","129,332","25,566",
   Estimated total,100.0%,"211,647",,"23,936","187,711",267,"1,091","6,653","15,925",,"32,403","129,699","25,609",
Cities outside metropolitan areas,"761,234",,,,,,,,,,,,,
   Area actually reporting,99.3%,"31,434",,"3,494","27,940",20,193,300,"2,981",,"4,904","21,876","1,160",
   Estimated total,100.0%,"31,662",,"3,519","28,143",20,194,302,"3,003",,"4,940","22,035","1,168",
Rural,"1,064,068",,,,,,,,,,,,,
   Area actually reporting,100.0%,"17,768",,"3,102","14,666",44,180,69,"2,809",,"5,378","8,187","1,101",
State Total,"5,672,579","261,077",,"30,557","230,520",331,"1,465","7,024","21,737",#REF!,"42,721","159,921","27,878",
"   Rate per 100,000 inhabitants",,"4,602.4", ,538.7,"4,063.8",5.8,25.8,123.8,383.2,#REF!,753.1,"2,819.2",491.5,
,, ,,,,,,,,,,,,
MONTANA,, ,, , ,,,,,,,,,
,,,,,,,,,,,,,,
Metropolitan Statistical Area,"307,963", ,, ,,,,,,,,,,
   Area actually reporting,87.3%,"13,675",,914,"12,761",6,57,192,659,,"1,343","10,616",802,
   Estimated total,100.0%,"14,565",,"1,017","13,548",6,62,202,747,,"1,438","11,245",865,
Cities outside metropolitan areas,"178,045",,,,,,,,,,,,,
   Area actually reporting,72.6%,"6,349",,573,"5,776",3,59,34,477,,508,"4,971",297,
   Estimated total,100.0%,"8,744",,789,"7,955",4,81,47,657,,700,"6,846",409,
Rural,"423,445",,,,,,,,,,,,,
   Area actually reporting,64.8%,"5,601",,902,"4,699",4,61,22,815,,746,"3,623",330,
   Estimated total,100.0%,"8,639",,"1,391","7,248",6,94,34,"1,257",,"1,151","5,588",509,
State Total,"909,453","31,948",,"3,197","28,751",16,237,283,"2,661",0,"3,289","23,679","1,783",
"   Rate per 100,000 inhabitants",,"3,512.9", ,351.5,"3,161.4",1.8,26.1,31.1,292.6,0.0,361.6,"2,603.7",196.1,
,, ,, ,,,,,,,,,,
NEBRASKA,,,,, ,,,,,,,,,
,,,,,,,,,,,,,,
Metropolitan Statistical Area,"909,259",,,,,,,,,,,,,
   Area actually reporting,97.3%,"50,855",,"4,452","46,403",35,307,"1,242","2,868",,"6,214","34,840","5,349",
   Estimated total,100.0%,"51,466",,"4,486","46,980",35,310,"1,248","2,893",,"6,303","35,277","5,400",
Cities outside metropolitan areas,"412,276",,,,,,,,,,,,,
   Area actually reporting,90.4%,"14,890",,592,"14,298",8,105,85,394,,"2,284","11,431",583,
   Estimated total,100.0%,"16,475",,655,"15,820",9,116,94,436,,"2,527","12,648",645,
Rural,"407,645",,,,,,,,,,,,,
   Area actually reporting,93.1%,"5,273",,267,"5,006",4,35,16,212,,"1,395","3,272",339,
   Estimated total,100.0%,"5,665",,287,"5,378",4,38,17,228,,"1,499","3,515",364,
State Total,"1,729,180","73,606",,"5,428","68,178",48,464,"1,359","3,557",0,"10,329","51,440","6,409",
"   Rate per 100,000 inhabitants",,"4,256.7", ,313.9,"3,942.8",2.8,26.8,78.6,205.7,0.0,597.3,"2,974.8",370.6,
,, ,, ,,,,,,,,`,,
NEVADA, , ,,, ,,,,,,,,,
,,,,,,,,,,,,,,
Metropolitan Statistical Area,"1,901,003",,,,,,,,,,,,,
   Area actually reporting,100.0%,"90,821",,"13,043","77,778",174,845,"5,047","6,977",,"17,449","43,289","17,040",
Cities outside metropolitan areas,"46,975",,,,,,,,,,,,,
   Area actually reporting,100.0%,"1,849",,115,"1,734",2,15,15,83,,380,"1,248",106,
Rural,"225,513",,,,,,,,,,,,,
   Area actually reporting,100.0%,"5,082",,698,"4,384",5,68,56,569,,"1,122","2,922",340,
State Total,"2,173,491","97,752",,"13,856","83,896",181,928,"5,118","7,629",0,"18,951","47,459","17,486",
"   Rate per 100,000 inhabitants",,"4,497.5", ,637.5,"3,860.0",8.3,42.7,235.5,351.0,0.0,871.9,"2,183.5",804.5,
,,,,,,,,,,,,,,
NEW HAMPSHIRE, , ,, , ,,,,,,,,,
,,,,,,,,,,,,,,
Metropolitan Statistical Area,"772,025",,,,,,,,,,,,,
   Area actually reporting,80.5%,"15,278",,"1,244","14,034",7,224,323,690,,"2,487","10,359","1,188",
   Estimated total,100.0%,"17,848",,"1,435","16,413",7,261,347,820,,"2,911","12,120","1,382",
Cities outside metropolitan areas,"441,658",,,,,,,,,,,,,
   Area actually reporting,66.8%,"6,778",,385,"6,393",2,116,42,225,,"1,221","4,815",357,
   Estimated total,100.0%,"10,153",,577,"9,576",3,174,63,337,,"1,829","7,212",535,
Rural,"61,373",,,,,,,,,,,,,
   Area actually reporting,100.0%,305,,44,261,2,11,3,28,,98,136,27,
State Total,"1,275,056","28,306",,"2,056","26,250",12,446,413,"1,185",#REF!,"4,838","19,468","1,944",
"   Rate per 100,000 inhabitants",,"2,220.0", ,161.2,"2,058.7",0.9,35.0,32.4,92.9,#REF!,379.4,"1,526.8",152.5,
,,,,,,,,,,,,,,
NEW JERSEY,, ,, , ,,,,,,,,,
,, ,,,,,,,,,,,,
Metropolitan Statistical Area,"8,590,300",,,,,,,,,,,,,
   Area actually reporting,99.9%,"258,903",,"32,110","226,793",337,"1,347","13,882","16,544",,"43,877","147,217","35,699",
   Estimated total,100.0%,"259,789",,"32,168","227,621",337,"1,347","13,905","16,579",,"43,898","147,984","35,739",
Cities outside metropolitan areas,None,, ,,,,,,,,,,,
Rural,None, ,,,,,,,,,,,,
State Total,"8,590,300","259,789",,"32,168","227,621",337,"1,347","13,905","16,579",0,"43,898","147,984","35,739",
"   Rate per 100,000 inhabitants",,"3,024.2", ,374.5,"2,649.7",3.9,15.7,161.9,193.0,0.0,511.0,"1,722.7",416.0,
,,,,,,,,,,,,,,
NEW MEXICO,,, ,, , ,,,,,,,,
,, ,,,,,,,,,,,,
Metropolitan Statistical Area,"1,060,156",,, , ,,,,,,,,,
   Area actually reporting,87.0%,"55,962",,"7,558","48,404",76,527,"1,672","5,283",,"10,584","32,541","5,279",
   Estimated total,100.0%,"59,826",,"8,381","51,445",83,583,"1,774","5,941",,"11,519","34,292","5,634",
Cities outside metropolitan areas,"442,777",,,,,,,,,,,,,
   Area actually reporting,90.3%,"24,373",,"3,616","20,757",35,242,334,"3,005",,"5,156","14,624",977,
   Estimated total,100.0%,"26,984",,"4,004","22,980",39,268,370,"3,327",,"5,708","16,190","1,082",
Rural,"352,126",,,,,,,,,,,,,
   Area actually reporting,82.8%,"6,118",,"1,105","5,013",25,146,51,883,,"1,994","2,422",597,
   Estimated total,100.0%,"7,386",,"1,334","6,052",30,176,62,"1,066",,"2,407","2,924",721,
State Total,"1,855,059","94,196",,"13,719","80,477",152,"1,027","2,206","10,334",0,"19,634","53,406","7,437",
"   Rate per 100,000 inhabitants",,"5,077.8", ,739.5,"4,338.2",8.2,55.4,118.9,557.1,0.0,"1,058.4","2,878.9",400.9,
,,,,,,,,,,,,,,
NEW YORK,,,,,,,,,,,,,,
,, ,, , ,,,,,,,,,
Metropolitan Statistical Area,"17,639,788", ,,,,,,,,,,,,
   Area actually reporting,90.5%,"470,354",,"88,373","381,981",862,"3,215","35,621","48,675",,"64,789","272,759","44,433",
   Estimated total,100.0%,"502,782",,"91,371","411,411",894,"3,478","36,332","50,667",,"69,911","295,019","46,481",
Cities outside metropolitan areas,"607,003",,,,,,,,,,,,,
   Area actually reporting,86.1%,"16,156",,"1,387","14,769",3,132,197,"1,055",,"2,462","11,889",418,
   Estimated total,100.0%,"18,760",,"1,611","17,149",4,153,229,"1,225",,"2,859","13,805",485,
Rural,"910,741",,,,,,,,,,,,,
   Area actually reporting,92.1%,"14,346",,"1,886","12,460",10,234,85,"1,557",,"3,619","8,473",368,
   Estimated total,100.0%,"15,579",,"2,048","13,531",11,254,92,"1,691",,"3,930","9,201",400,
State Total,"19,157,532","537,121",,"95,030","442,091",909,"3,885","36,653","53,583",0,"76,700","318,025","47,366",
"   Rate per 100,000 inhabitants",,"2,803.7", ,496.0,"2,307.7",4.7,20.3,191.3,279.7,0.0,400.4,"1,660.1",247.2,
,,,,,,,,,,,,,,
NORTH CAROLINA,, ,,,,,,,,,,,,
,,,, , ,,,,,,,,,
Metropolitan Statistical Area,"5,619,995", ,,,,,,,,,,,,
   Area actually reporting,99.3%,"282,298",,"28,800","253,498",373,"1,543","9,864","17,020",,"65,851","168,529","19,118",
   Estimated total,100.0%,"284,500",,"28,953","255,547",374,"1,552","9,909","17,118",,"66,280","170,055","19,212",
Cities outside metropolitan areas,"810,696",,,,,,,,,,,,,
   Area actually reporting,95.6%,"54,791",,"5,224","49,567",52,291,"1,519","3,362",,"12,354","34,847","2,366",
   Estimated total,100.0%,"57,283",,"5,461","51,822",54,304,"1,588","3,515",,"12,916","36,432","2,474",
Rural,"1,889,455",,,,,,,,,,,,,
   Area actually reporting,95.8%,"48,895",,"4,506","44,389",115,326,678,"3,387",,"19,483","21,860","3,046",
   Estimated total,100.0%,"51,043",,"4,704","46,339",120,340,708,"3,536",,"20,339","22,820","3,180",
State Total,"8,320,146","392,826",,"39,118","353,708",548,"2,196","12,205","24,169",0,"99,535","229,307","24,866",
"   Rate per 100,000 inhabitants",,"4,721.4",,470.2,"4,251.2",6.6,26.4,146.7,290.5,0.0,"1,196.3","2,756.0",298.9,
,,, ,,,,,,,,,,,
NORTH DAKOTA,,,,,,,,,,,,,,
,, ,,, ,,,,,,,,,
Metropolitan Statistical Area,"280,387",,, ,,,,,,,,,,
   Area actually reporting,99.1%,"9,430",,299,"9,131",2,94,41,162,,"1,282","7,218",631,
   Estimated total,100.0%,"9,528",,301,"9,227",2,95,41,163,,"1,297","7,294",636,
Cities outside metropolitan areas,"144,198",,,,,,,,,,,,,
   Area actually reporting,88.3%,"3,666",,128,"3,538",2,41,15,70,,477,"2,859",202,
   Estimated total,100.0%,"4,149",,144,"4,005",2,46,17,79,,540,"3,236",229,
Rural,"209,525",,,,,,,,,,,,,
   Area actually reporting,84.5%,"1,336",,44,"1,292",1,19,0,24,,343,820,129,
   Estimated total,100.0%,"1,581",,51,"1,530",1,22,0,28,,406,971,153,
State Total,"634,110","15,258",,496,"14,762",5,163,58,270,0,"2,243","11,501","1,018",
"   Rate per 100,000 inhabitants",,"2,406.2", ,78.2,"2,328.0",0.8,25.7,9.1,42.6,0.0,353.7,"1,813.7",160.5,
,,,,,,,,,,,,,,
OHIO,,,,,,,,,,,,,,
,, ,, , ,,,,,,,,,
Metropolitan Statistical Area,"9,269,065", ,,,,,,,,,,,,
   Area actually reporting,87.5%,"376,175",,"35,708","340,467",468,"4,018","16,627","14,595",,"79,941","222,822","37,704",
   Estimated total,100.0%,"408,945",,"37,428","371,517",486,"4,304","17,253","15,385",,"85,684","245,901","39,932",
Cities outside metropolitan areas,"795,592",,,,,,,,,,,,,
   Area actually reporting,79.5%,"30,482",,"1,474","29,008",15,268,404,787,,"5,256","22,644","1,108",
   Estimated total,100.0%,"38,347",,"1,854","36,493",19,337,508,990,,"6,612","28,487","1,394",
Rural,"1,356,610",,,,,,,,,,,,,
   Area actually reporting,62.5%,"13,640",,529,"13,111",13,105,69,342,,"4,295","7,915",901,
   Estimated total,100.0%,"21,812",,846,"20,966",21,168,110,547,,"6,868","12,657","1,441",
State Total,"11,421,267","469,104",,"40,128","428,976",526,"4,809","17,871","16,922",0,"99,164","287,045","42,767",
"   Rate per 100,000 inhabitants",,"4,107.3", ,351.3,"3,755.9",4.6,42.1,156.5,148.2,0.0,868.2,"2,513.3",374.5,
,,,,,,,,,,,,,,
OKLAHOMA,, ,,,,,,,,,,,,
,, ,, ,,,,,,,,,,
Metropolitan Statistical Area,"2,123,513",,,,,,,,,,,,,
   Area actually reporting,100.0%,"122,845",,"12,688","110,157",104,"1,124","2,614","8,846",,"24,466","75,589","10,102",
Cities outside metropolitan areas,"699,127",,,,,,,,,,,,,
   Area actually reporting,100.0%,"32,564", ,"3,524","29,040",24,327,313,"2,860",,"7,285","20,109","1,646",
Rural,"671,074",,,,,,,,,,,,,
   Area actually reporting,100.0%,"10,306",,"1,375","8,931",35,122,39,"1,179",,"3,420","4,487","1,024",
State Total,"3,493,714","165,715",,"17,587","148,128",163,"1,573","2,966","12,885",0,"35,171","100,185","12,772",
"   Rate per 100,000 inhabitants",,"4,743.2", ,503.4,"4,239.8",4.7,45.0,84.9,368.8,0.0,"1,006.7","2,867.6",365.6,
,,,,,,,,,,,,,,
OREGON,, ,, ,,,,,,,,,,
,, ,,,,,,,,,,,,
Metropolitan Statistical Area,"2,575,588",,,,,,,,,,,,,
   Area actually reporting,99.9%,"137,598",,"8,793","128,805",53,989,"2,444","5,307",,"19,095","95,330","14,380",
   Estimated total,100.0%,"137,645",,"8,795","128,850",53,989,"2,445","5,308",,"19,101","95,364","14,385",
Cities outside metropolitan areas,"443,276",,,,,,,,,,,,,
   Area actually reporting,97.1%,"23,232",,"1,030","22,202",5,160,240,625,,"3,658","17,228","1,316",
   Estimated total,100.0%,"23,933", ,"1,061","22,872",5,165,247,644,,"3,768","17,748","1,356",
Rural,"502,651",,,,,,,,,,,,,
   Area actually reporting,100.0%,"9,865",,442,"9,423",14,84,50,294,,"2,827","5,813",783,
State Total,"3,521,515","171,443",,"10,298","161,145",72,"1,238","2,742","6,246",,"25,696","118,925","16,524",
"   Rate per 100,000 inhabitants",,"4,868.4", ,292.4,"4,576.0",2.0,35.2,77.9,177.4,0.0,729.7,"3,377.1",469.2,
,,,,,,,,,,,,,,
PENNSYLVANIA,,,,,,,,,,,,,,
,, ,,, ,,,,,,,,,
Metropolitan Statistical Area,"10,437,252",,,,,,,,,,,,,
   Area actually reporting,90.6%,"289,525",,"43,374","246,151",564,"3,005","16,123","23,682",,"44,675","172,421","29,055",
   Estimated total,100.0%,"312,507",,"45,563","266,944",584,"3,166","16,685","25,128",,"47,667","188,670","30,607",
Cities outside metropolitan areas,"805,839",,,,,,,,,,,,,
   Area actually reporting,76.1%,"16,064",,"1,795","14,269",10,195,264,"1,326",,"2,271","11,265",733,
   Estimated total,100.0%,"21,122",,"2,360","18,762",13,256,347,"1,744",,"2,986","14,812",964,
Rural,"1,092,000",,,,,,,,,,,,,
   Area actually reporting,100.0%,"16,817",,"1,655","15,162",27,309,131,"1,188",,"4,957","8,959","1,246",
State Total,"12,335,091","350,446",,"49,578","300,868",624,"3,731","17,163","28,060",,"55,610","212,441","32,817",
"   Rate per 100,000 inhabitants",,"2,841.0", ,401.9,"2,439.1",5.1,30.2,139.1,227.5,0.0,450.8,"1,722.2",266.0,
,,,,,,,,,,,,,,
PUERTO RICO,, ,, ,,,,,,,,,,
,, , , , ,,,,,,,,,
Metropolitan Statistical Area,"3,252,499",,,,,,,,,,,,,
   Area actually reporting,100.0%,"79,618",,"11,997","67,621",698,207,"8,184","2,908",,"20,346","35,251","12,024",
Cities outside metropolitan areas,"606,307",,,,,,,,,,,,,
   Area actually reporting,100.0%,"11,165",,"1,474","9,691",76,34,794,570,,"4,391","4,389",911,
Total,"3,858,806","90,783",,"13,471","77,312",774,241,"8,978","3,478",0,"24,737","39,640","12,935",
"   Rate per 100,000 inhabitants",,"2,352.6", ,349.1,"2,003.5",20.1,6.2,232.7,90.1,0.0,641.1,"1,027.3",335.2,
,,,,, , ,,,,,,,,
RHODE ISLAND,, ,, ,,,,,,,,,,
,,,,, ,,,,,,,,,
Metropolitan Statistical Area,"1,003,857",,,,,,,,,,,,,
   Area actually reporting,100.0%,"35,952",,"2,827","33,125",37,356,892,"1,542",,"5,980","22,362","4,783",
Cities outside metropolitan areas,"65,868",,,,,,,,,,,,,
   Area actually reporting,100.0%,"2,358",,188,"2,170",1,23,23,141,,431,"1,660",79,
Rural,None,,,,,,,,,,,,,
   Area actually reporting,100.0%,83,,36,47,3,16,1,16,,4,29,14,
State Total,"1,069,725","38,393",,"3,051","35,342",41,395,916,"1,699",0,"6,415","24,051","4,876",
"   Rate per 100,000 inhabitants",,"3,589.1", ,285.2,"3,303.8",3.8,36.9,85.6,158.8,0.0,599.7,"2,248.3",455.8,
,,,,,,,,,,,,,,
SOUTH CAROLINA,, , , ,,,,,,,,,,
,, , , ,,,,,,,,,,
Metropolitan Statistical Area,"2,873,545",,,, ,,,,,,,,,
   Area actually reporting,99.8%,"158,519",,"22,943","135,576",205,"1,384","4,509","16,845",,"30,200","92,031","13,345",
   Estimated total,100.0%,"158,894",,"22,985","135,909",205,"1,386","4,517","16,877",,"30,257","92,285","13,367",
Cities outside metropolitan areas,"311,683",,,,,,,,,,,,,
   Area actually reporting,98.4%,"23,583",,"4,386","19,197",31,147,606,"3,602",,"4,114","14,118",965,
   Estimated total,100.0%,"23,972",,"4,458","19,514",32,149,616,"3,661",,"4,182","14,351",981,
Rural,"921,955",,,,,,,,,,,,,
   Area actually reporting,100.0%,"34,703",,"6,318","28,385",61,424,641,"5,192",,"9,306","16,560","2,519",
State Total,"4,107,183","217,569",,"33,761","183,808",298,"1,959","5,774","25,730",#REF!,"43,745","123,196","16,867",
"   Rate per 100,000 inhabitants",,"5,297.3", ,822.0,"4,475.3",7.3,47.7,140.6,626.5,#REF!,"1,065.1","2,999.5",410.7,
,,,,,,,,,,,,,,
SOUTH DAKOTA,, ,,,,,,,,,,,,
,, ,,, ,,,,,,,,,
Metropolitan Statistical Area,"263,131",,, ,,,,,,,,,,
   Area actually reporting,93.8%,"8,988",,725,"8,263",3,215,82,425,,"1,448","6,428",387,
   Estimated total,100.0%,"9,439",,753,"8,686",3,226,84,440,,"1,519","6,764",403,
Cities outside metropolitan areas,"214,373",,,,,,,,,,,,,
   Area actually reporting,88.6%,"5,222",,301,"4,921",4,71,16,210,,849,"3,820",252,
   Estimated total,100.0%,"5,893",,340,"5,553",5,80,18,237,,958,"4,311",284,
Rural,"283,559",,,,,,,,,,,,,
   Area actually reporting,65.7%,"1,321",,169,"1,152",2,36,10,121,,366,699,87,
   Estimated total,100.0%,"2,010",,257,"1,753",3,55,15,184,,557,"1,064",132,
State Total,"761,063","17,342",,"1,350","15,992",11,361,117,861,0,"3,034","12,139",819,
"   Rate per 100,000 inhabitants",,"2,278.7", ,177.4,"2,101.3",1.4,47.4,15.4,113.1,0.0,398.7,"1,595.0",107.6,
,,,,,,,,,,,,,,
TENNESSEE,,,,,,,,,,,,,,
,, ,,, ,,,,,,,,,
Metropolitan Statistical Area,"3,935,464", ,, ,,,,,,,,,,
   Area actually reporting,100.0%,"228,278",,"33,438","194,840",340,"1,820","8,726","22,552",,"46,561","125,860","22,419",
Cities outside metropolitan areas,"656,434",,,,,,,,,,,,,
   Area actually reporting,99.9%,"36,531",,"4,236","32,295",28,244,532,"3,432",,"6,679","23,639","1,977",
   Estimated total,100.0%,"36,574",,"4,241","32,333",28,244,533,"3,436",,"6,687","23,667","1,979",
Rural,"1,205,391",,,,,,,,,,,,,
   Area actually reporting,100.0%,"26,109",,"3,883","22,226",52,226,154,"3,451",,"8,000","12,083","2,143",
State Total,"5,797,289","290,961",,"41,562","249,399",420,"2,290","9,413","29,439",,"61,248","161,610","26,541",
"   Rate per 100,000 inhabitants",,"5,018.9", ,716.9,"4,302.0",7.2,39.5,162.4,507.8,0.0,"1,056.5","2,787.7",457.8,
,,,,,,,,,,,,,,
TEXAS,,,,,,,,,,,,,,
,, ,, , ,,,,,,,,,
Metropolitan Statistical Area,"18,479,316", ,,,,,,,,,,,,
   Area actually reporting,99.9%,"1,035,510",,"116,035","919,475","1,165","7,536","36,665","70,669",,"188,088","633,518","97,869",
   Estimated total,100.0%,"1,036,268",,"116,090","920,178","1,165","7,541","36,679","70,705",,"188,238","634,024","97,916",
Cities outside metropolitan areas,"1,486,837",,,,,,,,,,,,,
   Area actually reporting,99.2%,"62,401",,"6,215","56,186",50,623,696,"4,846",,"13,294","40,038","2,854",
   Estimated total,100.0%,"62,653",,"6,244","56,409",50,625,697,"4,872",,"13,341","40,202","2,866",
Rural,"1,813,740",,,,,,,,,,,,,
   Area actually reporting,100.0%,"31,371",,"3,684","27,687",87,342,204,"3,051",,"11,023","14,766","1,898",
State Total,"21,779,893","1,130,292",,"126,018","1,004,274","1,302","8,508","37,580","78,628",#REF!,"212,602","688,992","102,680",
"   Rate per 100,000 inhabitants",,"5,189.6", ,578.6,"4,611.0",6.0,39.1,172.5,361.0,#REF!,976.1,"3,163.4",471.4,
,,,,,,,,,,,,,,
UTAH,,,,,,,,,,,,,,
,, ,,, ,,,,,,,,,
Metropolitan Statistical Area,"1,772,063",,,,,,,,,,,,,
   Area actually reporting,99.8%,"88,281",,"4,596","83,685",34,723,"1,096","2,743",,"12,621","64,067","6,997",
   Estimated total,100.0%,"88,399",,"4,601","83,798",34,724,"1,097","2,746",,"12,639","64,153","7,006",
Cities outside metropolitan areas,"293,306",,,,,,,,,,,,,
   Area actually reporting,96.5%,"9,775",,563,"9,212",6,152,28,377,,"1,521","7,263",428,
   Estimated total,100.0%,"10,127",,583,"9,544",6,157,29,391,,"1,576","7,525",443,
Rural,"250,887",,,,,,,,,,,,,
   Area actually reporting,96.6%,"4,447",,294,"4,153",7,60,14,213,,878,"3,011",264,
   Estimated total,100.0%,"4,603",,304,"4,299",7,62,14,221,,909,"3,117",273,
State Total,"2,316,256","103,129",,"5,488","97,641",47,943,"1,140","3,358",0,"15,124","74,795","7,722",
"   Rate per 100,000 inhabitants",,"4,452.4", ,236.9,"4,215.5",2.0,40.7,49.2,145.0,0.0,653.0,"3,229.1",333.4,
,,,,,,,,,,,,,,
VERMONT,,,, ,,,,,,,,,,
,,,, , ,,,,,,,,,
Metropolitan Statistical Area,"163,177", ,,,,,,,,,,,,
   Area actually reporting,100.0%,"5,417",,216,"5,201",8,16,34,158,,"1,128","3,858",215,
Cities outside metropolitan areas,"206,092",,,,,,,,,,,,,
   Area actually reporting,99.4%,"6,187",,272,"5,915",1,68,33,170,,"1,013","4,653",249,
   Estimated total,100.0%,"6,224",,273,"5,951",1,68,33,171,,"1,019","4,681",251,
Rural,"247,323",,,,,,,,,,,,,
   Area actually reporting,100.0%,"3,959",,169,"3,790",4,42,10,113,,"1,342","2,145",303,
State Total,"616,592","15,600",,658,"14,942",13,126,77,442,0,"3,489","10,684",769,
"   Rate per 100,000 inhabitants",,"2,530.0", ,106.7,"2,423.3",2.1,20.4,12.5,71.7,0.0,565.9,"1,732.8",124.7,
,,,,,,,,,,,,,,
VIRGINIA,, ,,,,,,,,,,,,
,,, , , ,,,,,,,,,
Metropolitan Statistical Area,"5,695,993",,,,,,,,,,,,,
   Area actually reporting,99.6%,"195,402",,"18,151","177,251",304,"1,435","6,492","9,920",,"25,657","134,985","16,609",
   Estimated total,100.0%,"196,372",,"18,251","178,121",305,"1,443","6,520","9,983",,"25,768","135,664","16,689",
Cities outside metropolitan areas,"449,150",,,,,,,,,,,,,
   Area actually reporting,92.7%,"14,081",,"1,174","12,907",15,125,216,818,,"1,902","10,393",612,
   Estimated total,100.0%,"15,185",,"1,266","13,919",16,135,233,882,,"2,051","11,208",660,
Rural,"1,148,399",,,,,,,,,,,,,
   Area actually reporting,99.4%,"17,378",,"1,729","15,649",67,259,207,"1,196",,"3,915","10,612","1,122",
   Estimated total,100.0%,"17,482",,"1,739","15,743",67,261,208,"1,203",,"3,938","10,676","1,129",
State Total,"7,293,542","229,039",,"21,256","207,783",388,"1,839","6,961","12,068",0,"31,757","157,548","18,478",
"   Rate per 100,000 inhabitants",,"3,140.3", ,291.4,"2,848.9",5.3,25.2,95.4,165.5,0.0,435.4,"2,160.1",253.3,
,,,,,,,,,,,,,,
WASHINGTON,, ,, ,,,,,,,,,,
,, ,,, ,,,,,,,,,
Metropolitan Statistical Area,"5,044,509",,,,,,,,,,,,,
   Area actually reporting,97.9%,"257,184",,"18,287","238,897",146,"2,166","5,365","10,610",,"44,484","157,459","36,954",
   Estimated total,100.0%,"261,666",,"18,554","243,112",148,"2,210","5,433","10,763",,"45,291","160,226","37,595",
Cities outside metropolitan areas,"463,899",,,,,,,,,,,,,
   Area actually reporting,90.7%,"29,773",,"1,372","28,401",10,285,262,815,,"4,782","21,958","1,661",
   Estimated total,100.0%,"32,838",,"1,513","31,325",11,314,289,899,,"5,274","24,219","1,832",
Rural,"560,588",,,,,,,,,,,,,
   Area actually reporting,100.0%,"15,427",,897,"14,530",25,210,75,587,,"4,383","9,081","1,066",
State Total,"6,068,996","309,931",,"20,964","288,967",184,"2,734","5,797","12,249",,"54,948","193,526","40,493",
"   Rate per 100,000 inhabitants",,"5,106.8", ,345.4,"4,761.4",3.0,45.0,95.5,201.8,0.0,905.4,"3,188.8",667.2,
,,,,,,,,,,,,,,
WEST VIRGINIA,, ,,, ,,,,,,,,,
,, ,, ,,,,,,,,,,
Metropolitan Statistical Area,"762,826",,,,,,,,,,,,,
   Area actually reporting,91.8%,"22,873",,"1,968","20,905",19,166,416,"1,367",,"4,570","14,150","2,185",
   Estimated total,100.0%,"25,084",,"2,156","22,928",20,180,458,"1,498",,"4,938","15,629","2,361",
Cities outside metropolitan areas,"278,400",,,,,,,,,,,,,
   Area actually reporting,81.1%,"6,428",,567,"5,861",6,39,88,434,,"1,185","4,369",307,
   Estimated total,100.0%,"7,921",,699,"7,222",8,48,108,535,,"1,460","5,384",378,
Rural,"760,647",,,,,,,,,,,,,
   Area actually reporting,97.3%,"11,978",,"1,329","10,649",28,97,89,"1,115",,"3,189","6,333","1,127",
   Estimated total,100.0%,"12,315",,"1,366","10,949",29,100,91,"1,146",,"3,279","6,511","1,159",
State Total,"1,801,873","45,320",,"4,221","41,099",57,328,657,"3,179",0,"9,677","27,524","3,898",
"   Rate per 100,000 inhabitants",,"2,515.2", ,234.3,"2,280.9",3.2,18.2,36.5,176.4,0.0,537.1,"1,527.5",216.3,
,,,,,,,,,,,,,,
WISCONSIN,, ,, , ,,,,,,,,,
,,,,,,,,,,,,,,
Metropolitan Statistical Area,"3,692,594",,,,,,,,,,,,,
   Area actually reporting,97.4%,"134,920",,"10,363","124,557",135,956,"4,572","4,700",,"19,851","93,057","11,649",
   Estimated total,100.0%,"136,716",,"10,437","126,279",136,967,"4,588","4,746",,"20,143","94,399","11,737",
Cities outside metropolitan areas,"718,125",,,,,,,,,,,,,
   Area actually reporting,99.0%,"25,127",,"1,012","24,115",2,147,85,778,,"3,156","20,105",854,
   Estimated total,100.0%,"25,371",,"1,022","24,349",2,148,86,786,,"3,187","20,300",862,
Rural,"1,030,477",,,,,,,,,,,,,
   Area actually reporting,97.6%,"14,547",,761,"13,786",16,119,38,588,,"4,487","8,460",839,
   Estimated total,100.0%,"14,900",,779,"14,121",16,122,39,602,,"4,596","8,666",859,
State Total,"5,441,196","176,987",,"12,238","164,749",154,"1,237","4,713","6,134",0,"27,926","123,365","13,458",
"   Rate per 100,000 inhabitants",,"3,252.7", ,224.9,"3,027.8",2.8,22.7,86.6,112.7,0.0,513.2,"2,267.2",247.3,
, ,,,,,,,,,,,,,
WYOMING, , ,,,,,,,,,,,,
,, ,,,,,,,,,,,,
Metropolitan Statistical Area,"149,614",,, , ,,,,,,,,,
   Area actually reporting,100.0%,"6,626",,367,"6,259",5,54,51,257,,988,"4,957",314,
Cities outside metropolitan areas,"208,723",,,,,,,,,,,,,
   Area actually reporting,98.4%,"8,560",,649,"7,911",4,56,35,554,,994,"6,592",325,
   Estimated total,100.0%,"8,697",,660,"8,037",4,57,36,563,,"1,010","6,697",330,
Rural,"140,366",,,,, ,, ,,,,,,
   Area actually reporting,100.0%,"2,535",,337,"2,198",6,37,6,288,,450,"1,649",99,
State Total,"498,703","17,858",,"1,364","16,494",15,148,93,"1,108",0,"2,448","13,303",743,
"   Rate per 100,000 inhabitants",,"3,580.9", ,273.5,"3,307.4",3.0,29.7,18.6,222.2,0.0,490.9,"2,667.5",149.0,
,,,,,,,,,,,,,,
"1 Although arson data are included in the trend and clearance tables, sufficient data are not available to estimate totals for this offense.",,,,,,,,,,,,,,
"2 Violent crimes are offenses of murder, forcible rape, robbery, and aggravated assault.  Property crimes are offenses of burglary, larceny-theft, and motor vehicle theft.",,,,,,,,,,,,,,
3 Includes offenses reported by the Zoological Police and the Metro Transit Police.,,,,,,,,,,,,,,
"4 Limited data for 2002 were available.  See Offense Estimation, Appendix I, for details. ",,,,,,,,,,,,,,
  NOTE:  Offense totals are based on all data received from reporting agencies and estimates for unreported areas.,,,,,,,,,,,,,,
,,,,,,,,,,,,,,
 ,,,,,,,,,,,,,,
 ,,,,,,,,,,,,,,
 ,,,,,,,,,,,,,,